-0.094073,-0.5128
-0.093552,-0.5126
-0.093414,-0.51255
-0.093226,-0.51248
-0.092734,-0.51228
-0.091803,-0.5119
-0.091457,-0.51176
-0.09129,-0.51169
-0.090615,-0.51139
-0.090196,-0.51121
-0.090194,-0.51121
-0.090076,-0.51115
-0.089966,-0.5111
-0.089892,-0.51107
-0.089671,-0.51097
-0.089294,-0.51078
-0.089161,-0.51072
-0.089092,-0.51068
-0.08906,-0.51067
-0.088503,-0.51039
-0.088321,-0.51029
-0.08792,-0.51008
-0.0876,-0.50991
-0.086459,-0.50929
-0.085846,-0.50895
-0.085756,-0.5089
-0.085599,-0.50881
-0.085567,-0.50879
-0.085319,-0.50864
-0.084339,-0.50807
-0.084102,-0.50792
-0.084031,-0.50788
-0.082659,-0.50705
-0.082444,-0.50691
-0.081968,-0.50661
-0.081692,-0.50643
-0.081254,-0.50615
-0.080136,-0.50541
-0.080058,-0.50536
-0.079279,-0.50484
-0.079161,-0.50476
-0.078763,-0.50449
-0.077467,-0.50362
-0.077246,-0.5034
-0.07665,-0.50281
-0.076193,-0.50235
-0.076087,-0.50225
-0.07576,-0.50192
-0.074925,-0.50106
-0.074641,-0.50077
-0.074334,-0.50046
-0.073891,-0.49999
-0.073842,-0.49994
-0.073579,-0.49966
-0.073559,-0.49964
-0.073387,-0.49945
-0.073052,-0.49908
-0.072793,-0.4988
-0.072723,-0.49872
-0.072549,-0.49853
-0.071469,-0.49732
-0.070124,-0.4958
-0.070025,-0.49568
-0.069865,-0.4955
-0.06984,-0.49547
-0.069404,-0.49496
-0.068424,-0.49378
-0.068285,-0.49361
-0.068059,-0.49333
-0.067721,-0.49291
-0.067244,-0.4923
-0.067236,-0.49229
-0.066777,-0.49168
-0.065241,-0.48963
-0.064763,-0.48898
-0.064733,-0.48894
-0.064625,-0.4888
-0.06404,-0.48801
-0.063625,-0.48744
-0.063572,-0.48737
-0.063448,-0.48719
-0.063326,-0.48702
-0.062691,-0.48609
-0.061785,-0.48475
-0.061676,-0.48459
-0.061594,-0.48446
-0.061572,-0.48443
-0.061487,-0.4843
-0.061251,-0.48395
-0.060945,-0.48348
-0.060908,-0.48343
-0.060335,-0.48255
-0.060043,-0.48209
-0.059515,-0.48126
-0.059501,-0.48124
-0.059474,-0.4812
-0.059461,-0.48118
-0.059232,-0.48078
-0.058667,-0.47979
-0.058384,-0.47928
-0.058029,-0.47865
-0.057548,-0.47778
-0.057384,-0.47748
-0.057037,-0.47685
-0.056388,-0.47566
-0.05612,-0.47517
-0.056061,-0.47506
-0.055176,-0.4734
-0.054611,-0.47232
-0.054559,-0.47222
-0.053309,-0.4698
-0.052331,-0.46787
-0.051287,-0.4658
-0.051258,-0.46574
-0.049651,-0.46245
-0.049346,-0.46183
-0.049265,-0.46166
-0.049253,-0.46163
-0.048959,-0.46099
-0.048911,-0.46088
-0.04877,-0.46056
-0.048011,-0.45882
-0.047958,-0.4587
-0.047583,-0.45781
-0.047055,-0.45656
-0.046712,-0.45574
-0.046572,-0.45539
-0.046085,-0.45416
-0.044664,-0.4505
-0.044594,-0.45032
-0.043986,-0.44871
-0.043099,-0.44636
-0.041894,-0.4431
-0.041758,-0.44273
-0.041646,-0.44242
-0.040811,-0.44011
-0.040588,-0.43949
-0.04052,-0.4393
-0.039704,-0.43687
-0.038887,-0.43443
-0.038654,-0.43373
-0.035142,-0.42294
-0.034374,-0.42056
-0.033538,-0.41782
-0.032998,-0.41602
-0.032902,-0.4157
-0.032367,-0.41385
-0.0322,-0.41327
-0.031316,-0.41015
-0.030639,-0.40762
-0.030606,-0.40749
-0.030555,-0.4073
-0.030226,-0.40601
-0.029485,-0.40298
-0.029394,-0.4026
-0.027848,-0.39615
-0.026742,-0.3914
-0.026177,-0.38894
-0.026169,-0.38891
-0.025763,-0.3871
-0.02573,-0.38695
-0.025312,-0.38499
-0.02379,-0.37781
-0.023573,-0.37678
-0.023379,-0.37587
-0.023254,-0.37524
-0.02214,-0.36942
-0.021122,-0.36378
-0.021017,-0.36319
-0.020285,-0.35889
-0.020156,-0.35813
-0.01987,-0.35641
-0.01948,-0.35402
-0.019341,-0.35316
-0.019216,-0.35237
-0.019192,-0.35222
-0.019079,-0.35149
-0.019015,-0.35108
-0.018415,-0.34707
-0.018249,-0.3459
-0.018133,-0.34504
-0.01809,-0.34472
-0.017603,-0.34093
-0.016743,-0.33417
-0.016639,-0.33335
-0.016272,-0.33043
-0.016213,-0.32996
-0.015967,-0.3279
-0.015527,-0.32416
-0.015285,-0.32208
-0.015203,-0.32136
-0.014845,-0.31824
-0.014498,-0.31513
-0.014397,-0.31419
-0.0141,-0.31143
-0.01364,-0.30713
-0.013138,-0.30233
-0.012896,-0.2999
-0.012528,-0.29614
-0.012034,-0.29072
-0.011987,-0.2902
-0.011869,-0.28883
-0.011731,-0.28724
-0.011125,-0.28003
-0.010947,-0.27792
-0.010922,-0.27762
-0.010777,-0.27586
-0.010245,-0.26927
-0.0098536,-0.26439
-0.0098084,-0.26382
-0.0086711,-0.24621
-0.0077135,-0.23106
-0.0077098,-0.231
-0.0076518,-0.23001
-0.0074865,-0.2272
-0.0070923,-0.22047
-0.0068098,-0.21556
-0.0063255,-0.20684
-0.0063112,-0.20657
-0.0057873,-0.19642
-0.005695,-0.19451
-0.0051362,-0.18271
-0.0044167,-0.16712
-0.0043844,-0.1664
-0.0042575,-0.16323
-0.0041976,-0.16042
-0.0041703,-0.159
-0.0040972,-0.15512
-0.0040899,-0.15449
-0.0040422,-0.15025
-0.0039529,-0.14221
-0.0039173,-0.13899
-0.0038825,-0.13556
-0.0038532,-0.1317
-0.0038051,-0.12484
-0.0037864,-0.12083
-0.0037776,-0.11698
-0.0037936,-0.11344
-0.0038608,-0.10877
-0.0039026,-0.10595
-0.0040383,-0.10115
-0.004041,-0.10108
-0.004071,-0.10038
-0.0041749,-0.098096
-0.0043556,-0.094245
-0.004437,-0.09259
-0.0044406,-0.092525
-0.0044538,-0.092288
-0.004679,-0.088425
-0.0049487,-0.083906
-0.005003,-0.083043
-0.0052143,-0.079713
-0.0052527,-0.079139
-0.0053429,-0.077812
-0.0053555,-0.077635
-0.0054092,-0.076911
-0.0054323,-0.076601
-0.0055279,-0.075333
-0.0057245,-0.072922
-0.0060647,-0.068771
-0.0062023,-0.067594
-0.0062216,-0.067445
-0.0062314,-0.067374
-0.0063044,-0.066884
-0.0065349,-0.065342
-0.006631,-0.0647
-0.0068851,-0.063094
-0.0071327,-0.061548
-0.0074496,-0.059577
-0.0075391,-0.059035
-0.0088654,-0.051374
-0.0090729,-0.050239
-0.0090883,-0.050158
-0.0090972,-0.050112
-0.009113,-0.050036
-0.0092216,-0.049515
-0.0095283,-0.048082
-0.0096001,-0.047761
-0.0096172,-0.04769
-0.0097315,-0.04723
-0.0097556,-0.047136
-0.0099172,-0.046554
-0.010114,-0.045852
-0.010275,-0.045308
-0.010461,-0.044693
-0.010468,-0.044671
-0.010643,-0.044118
-0.010708,-0.043916
-0.010803,-0.043628
-0.011013,-0.043003
-0.011023,-0.042974
-0.011169,-0.042574
-0.011259,-0.04233
-0.01152,-0.041645
-0.01198,-0.040441
-0.012033,-0.040306
-0.012055,-0.040252
-0.012171,-0.039967
-0.012534,-0.039073
-0.012624,-0.038861
-0.012641,-0.038822
-0.013488,-0.036921
-0.013795,-0.03626
-0.014037,-0.035741
-0.014447,-0.034957
-0.014694,-0.034487
-0.015217,-0.033501
-0.01534,-0.03327
-0.015885,-0.032259
-0.015933,-0.032169
-0.015964,-0.032112
-0.016188,-0.031706
-0.016308,-0.0315
-0.01655,-0.031085
-0.01673,-0.030781
-0.017451,-0.029576
-0.017693,-0.029171
-0.0179,-0.028831
-0.018284,-0.028213
-0.01845,-0.027946
-0.018917,-0.027206
-0.019098,-0.02692
-0.01914,-0.026852
-0.019232,-0.026707
-0.01952,-0.026253
-0.020012,-0.02548
-0.020501,-0.024753
-0.020661,-0.024517
-0.020688,-0.024478
-0.020862,-0.024228
-0.02097,-0.024083
-0.021438,-0.023465
-0.021655,-0.023186
-0.022373,-0.022261
-0.022401,-0.022225
-0.022624,-0.021939
-0.022629,-0.021933
-0.022994,-0.021474
-0.023246,-0.021166
-0.023529,-0.020819
-0.023535,-0.020812
-0.023613,-0.020717
-0.023672,-0.020647
-0.023677,-0.020641
-0.024192,-0.020033
-0.024268,-0.019943
-0.024634,-0.019523
-0.024675,-0.019477
-0.024744,-0.019402
-0.024844,-0.019295
-0.024877,-0.019259
-0.025122,-0.019001
-0.025225,-0.018897
-0.025702,-0.018414
-0.025749,-0.018367
-0.025861,-0.018259
-0.025944,-0.018178
-0.025993,-0.018132
-0.026561,-0.01762
-0.026997,-0.017229
-0.02797,-0.016372
-0.028057,-0.016295
-0.028442,-0.015964
-0.028707,-0.015737
-0.028825,-0.015641
-0.029594,-0.015026
-0.029831,-0.014838
-0.029868,-0.014809
-0.02996,-0.014736
-0.029967,-0.014732
-0.030059,-0.014661
-0.03013,-0.014606
-0.030732,-0.014147
-0.031235,-0.01377
-0.03133,-0.0137
-0.031349,-0.013686
-0.031451,-0.013613
-0.031672,-0.013461
-0.03183,-0.013358
-0.03214,-0.013165
-0.032226,-0.013113
-0.032635,-0.012866
-0.032758,-0.012792
-0.033054,-0.012617
-0.033076,-0.012603
-0.033122,-0.012576
-0.033198,-0.012532
-0.033249,-0.012504
-0.033307,-0.012472
-0.033308,-0.012471
-0.033435,-0.012401
-0.034066,-0.012079
-0.034328,-0.011949
-0.034352,-0.011937
-0.034686,-0.011784
-0.034936,-0.011675
-0.035161,-0.011577
-0.035316,-0.011511
-0.035327,-0.011506
-0.035564,-0.011407
-0.036237,-0.011126
-0.036237,-0.011125
-0.036492,-0.011022
-0.036772,-0.010909
-0.036775,-0.010908
-0.037278,-0.010708
-0.037782,-0.010514
-0.037821,-0.010499
-0.038203,-0.010357
-0.038476,-0.010257
-0.038699,-0.010178
-0.038967,-0.010083
-0.039087,-0.010042
-0.039287,-0.0099737
-0.039299,-0.0099693
-0.039367,-0.0099491
-0.039712,-0.0098464
-0.039771,-0.0098287
-0.039873,-0.0097996
-0.040231,-0.0097032
-0.040678,-0.0095888
-0.041585,-0.0093695
-0.04159,-0.0093684
-0.041754,-0.0093308
-0.041977,-0.0092808
-0.04214,-0.0092454
-0.043707,-0.0089213
-0.043939,-0.0088743
-0.04498,-0.0086713
-0.045131,-0.0086444
-0.045323,-0.0086116
-0.045367,-0.0086042
-0.045727,-0.008545
-0.045732,-0.0085444
-0.046502,-0.0084308
-0.046543,-0.0084249
-0.047932,-0.0082407
-0.048031,-0.0082279
-0.048362,-0.0081875
-0.048511,-0.0081704
-0.048887,-0.0081297
-0.0489,-0.0081284
-0.049625,-0.0080538
-0.050093,-0.0080087
-0.050161,-0.0080025
-0.050185,-0.0080004
-0.050193,-0.0079996
-0.050737,-0.0079508
-0.051188,-0.0079133
-0.05124,-0.0079097
-0.051703,-0.0078865
-0.051847,-0.0078812
-0.052078,-0.0078739
-0.052338,-0.0078668
-0.052674,-0.0078582
-0.052947,-0.0078533
-0.053196,-0.0078491
-0.053378,-0.007848
-0.053792,-0.0078476
-0.054189,-0.0078541
-0.054655,-0.0078632
-0.055626,-0.007893
-0.055762,-0.0078974
-0.055768,-0.0078976
-0.056399,-0.0079247
-0.05658,-0.0079328
-0.057176,-0.0079602
-0.057854,-0.0079936
-0.057907,-0.0079966
-0.057971,-0.0080003
-0.05852,-0.0080377
-0.058722,-0.0080517
-0.058744,-0.0080534
-0.058992,-0.008075
-0.059117,-0.0080861
-0.059496,-0.0081207
-0.060353,-0.0082006
-0.060584,-0.0082225
-0.061324,-0.0082935
-0.061625,-0.008326
-0.06323,-0.0085116
-0.063311,-0.0085214
-0.063341,-0.0085253
-0.063485,-0.0085434
-0.063597,-0.0085583
-0.063874,-0.0085984
-0.063983,-0.0086149
-0.064514,-0.0086956
-0.064888,-0.0087559
-0.066382,-0.0090002
-0.066548,-0.0090276
-0.066746,-0.0090604
-0.066863,-0.0090796
-0.067043,-0.0091104
-0.067908,-0.0092625
-0.068006,-0.0092803
-0.068176,-0.0093114
-0.068197,-0.0093155
-0.069278,-0.0095219
-0.069737,-0.009613
-0.069951,-0.0096563
-0.07001,-0.0096686
-0.070298,-0.0097303
-0.070795,-0.0098396
-0.071167,-0.0099226
-0.071576,-0.010015
-0.072153,-0.01015
-0.072757,-0.010293
-0.073614,-0.010499
-0.073803,-0.010546
-0.073804,-0.010546
-0.074219,-0.010652
-0.074324,-0.01068
-0.074334,-0.010683
-0.074421,-0.010707
-0.074938,-0.010852
-0.075018,-0.010874
-0.075285,-0.010953
-0.07575,-0.01109
-0.075832,-0.011115
-0.076494,-0.011335
-0.076953,-0.011492
-0.077065,-0.011532
-0.077387,-0.011647
-0.077897,-0.011834
-0.079247,-0.012332
-0.08002,-0.012622
-0.080592,-0.012838
-0.080671,-0.012868
-0.081434,-0.013171
-0.081592,-0.013234
-0.082189,-0.013476
-0.082343,-0.013539
-0.082372,-0.013552
-0.083105,-0.013872
-0.083783,-0.01417
-0.083858,-0.014203
-0.084044,-0.014286
-0.084545,-0.014515
-0.084681,-0.014579
-0.085107,-0.014781
-0.085583,-0.015009
-0.085932,-0.015177
-0.086217,-0.015316
-0.086967,-0.015692
-0.088029,-0.016224
-0.088134,-0.016278
-0.088209,-0.016316
-0.088689,-0.016563
-0.088742,-0.01659
-0.091661,-0.0181
-0.092044,-0.0183
-0.092842,-0.018722
-0.092912,-0.018759
-0.093749,-0.019202
-0.095718,-0.020286
-0.096132,-0.020515
-0.097738,-0.021408
-0.097943,-0.021525
-0.097981,-0.021546
-0.098787,-0.022014
-0.099108,-0.022203
-0.1003,-0.022913
-0.10087,-0.023263
-0.10203,-0.023968
-0.10346,-0.024854
-0.10384,-0.025085
-0.10462,-0.025577
-0.10466,-0.025602
-0.10544,-0.026102
-0.10577,-0.02631
-0.10579,-0.026324
-0.10593,-0.02642
-0.10624,-0.026627
-0.10696,-0.027108
-0.10808,-0.027872
-0.10855,-0.028193
-0.10951,-0.028855
-0.10972,-0.028999
-0.1102,-0.029326
-0.11118,-0.030007
-0.11197,-0.030557
-0.11283,-0.031152
-0.11479,-0.032512
-0.11484,-0.032545
-0.11587,-0.033272
-0.11705,-0.034106
-0.11817,-0.034907
-0.11842,-0.035089
-0.11908,-0.035562
-0.1191,-0.03558
-0.12111,-0.037083
-0.12129,-0.03722
-0.1228,-0.038359
-0.12335,-0.038782
-0.12438,-0.039572
-0.12524,-0.040242
-0.12533,-0.040308
-0.12555,-0.040478
-0.12624,-0.041017
-0.12733,-0.041863
-0.12772,-0.042174
-0.12787,-0.042301
-0.12826,-0.042619
-0.12934,-0.043493
-0.12939,-0.043537
-0.12968,-0.043775
-0.13526,-0.048387
-0.13607,-0.049059
-0.13668,-0.049564
-0.13707,-0.049884
-0.13758,-0.05031
-0.13847,-0.051053
-0.13872,-0.051266
-0.13874,-0.051281
-0.13935,-0.051808
-0.14063,-0.0529
-0.14083,-0.053071
-0.14092,-0.053146
-0.14106,-0.053268
-0.14221,-0.054268
-0.14235,-0.05439
-0.14375,-0.055611
-0.14394,-0.05578
-0.14407,-0.055899
-0.14487,-0.056604
-0.14498,-0.056704
-0.14507,-0.056788
-0.14591,-0.057558
-0.14653,-0.058134
-0.14683,-0.058409
-0.1481,-0.059623
-0.14816,-0.059683
-0.1483,-0.059817
-0.14836,-0.059872
-0.14859,-0.060099
-0.1486,-0.060104
-0.14908,-0.060578
-0.14937,-0.060867
-0.15005,-0.061538
-0.15028,-0.061765
-0.15164,-0.063139
-0.15186,-0.063358
-0.15216,-0.063659
-0.15291,-0.064418
-0.15304,-0.064557
-0.15313,-0.064653
-0.15315,-0.064673
-0.15393,-0.065477
-0.15414,-0.065695
-0.15501,-0.066618
-0.15519,-0.066806
-0.15552,-0.067163
-0.1561,-0.067784
-0.1563,-0.067996
-0.15807,-0.069916
-0.16034,-0.072384
-0.1608,-0.072889
-0.1611,-0.073228
-0.16119,-0.073327
-0.16127,-0.073416
-0.16283,-0.075173
-0.16351,-0.07594
-0.16416,-0.076676
-0.16428,-0.076818
-0.16476,-0.077363
-0.16487,-0.077486
-0.16499,-0.077617
-0.16544,-0.078142
-0.16608,-0.078873
-0.16693,-0.07986
-0.16795,-0.081045
-0.16822,-0.08136
-0.16826,-0.081398
-0.16886,-0.082107
-0.16904,-0.082319
-0.16913,-0.082426
-0.16947,-0.082826
-0.16959,-0.082966
-0.16976,-0.083164
-0.17056,-0.084133
-0.17182,-0.085671
-0.17223,-0.086175
-0.17226,-0.086212
-0.17243,-0.086427
-0.17275,-0.086835
-0.17287,-0.086976
-0.17353,-0.087819
-0.17355,-0.087843
-0.174,-0.088422
-0.17421,-0.088705
-0.17459,-0.089203
-0.17462,-0.089239
-0.17481,-0.089503
-0.17551,-0.090461
-0.17602,-0.091161
-0.17631,-0.091568
-0.17669,-0.092092
-0.17787,-0.093777
-0.17813,-0.094143
-0.17843,-0.094573
-0.17888,-0.095223
-0.17946,-0.096077
-0.18065,-0.097809
-0.18115,-0.098538
-0.1821,-0.099938
-0.18336,-0.10181
-0.18339,-0.10186
-0.18546,-0.10499
-0.18554,-0.1051
-0.18658,-0.10682
-0.18694,-0.10741
-0.1878,-0.10886
-0.18799,-0.10918
-0.18847,-0.10999
-0.18884,-0.11063
-0.18924,-0.11131
-0.19049,-0.11343
-0.19065,-0.11371
-0.19149,-0.11516
-0.19225,-0.11649
-0.19272,-0.11733
-0.19343,-0.11867
-0.19378,-0.11931
-0.19444,-0.12056
-0.19448,-0.12065
-0.19492,-0.12148
-0.19572,-0.12302
-0.19608,-0.12371
-0.19631,-0.12416
-0.19636,-0.12426
-0.19697,-0.12546
-0.1973,-0.1261
-0.19758,-0.12667
-0.19813,-0.12778
-0.19817,-0.12786
-0.19829,-0.12811
-0.19848,-0.12851
-0.1985,-0.12856
-0.1986,-0.12879
-0.19866,-0.12891
-0.19925,-0.13026
-0.19952,-0.1309
-0.2001,-0.13225
-0.20041,-0.133
-0.20063,-0.13354
-0.20089,-0.13415
-0.20182,-0.13644
-0.20185,-0.13653
-0.20201,-0.13691
-0.20211,-0.13716
-0.20223,-0.13747
-0.20225,-0.13752
-0.20227,-0.13759
-0.20389,-0.14185
-0.20429,-0.14291
-0.20446,-0.14337
-0.2047,-0.14403
-0.20541,-0.14595
-0.20593,-0.14736
-0.20647,-0.14885
-0.20671,-0.14952
-0.20709,-0.15055
-0.2072,-0.15089
-0.20724,-0.15098
-0.20753,-0.1518
-0.20771,-0.15232
-0.20777,-0.15252
-0.20784,-0.1527
-0.20807,-0.15338
-0.20822,-0.15382
-0.20854,-0.15477
-0.20869,-0.15521
-0.20915,-0.15659
-0.20995,-0.15902
-0.21006,-0.15935
-0.21056,-0.16093
-0.21063,-0.16113
-0.21104,-0.16245
-0.21175,-0.16473
-0.21202,-0.16559
-0.2121,-0.16588
-0.21272,-0.16792
-0.21274,-0.16797
-0.21315,-0.16933
-0.2137,-0.17121
-0.21434,-0.17341
-0.21467,-0.1746
-0.21475,-0.17489
-0.2149,-0.17543
-0.21492,-0.1755
-0.21505,-0.17597
-0.21551,-0.17771
-0.21553,-0.17778
-0.21554,-0.17783
-0.21592,-0.17929
-0.21621,-0.18043
-0.21643,-0.18128
-0.21713,-0.18403
-0.21775,-0.18649
-0.21832,-0.18881
-0.21865,-0.19017
-0.21905,-0.19183
-0.21908,-0.19197
-0.21933,-0.19305
-0.21941,-0.19341
-0.21947,-0.19367
-0.21977,-0.19507
-0.22032,-0.19755
-0.22035,-0.19771
-0.22037,-0.1978
-0.22062,-0.19897
-0.22065,-0.19913
-0.22079,-0.1998
-0.2211,-0.20124
-0.22124,-0.20194
-0.22139,-0.20271
-0.22192,-0.20534
-0.22201,-0.20577
-0.22211,-0.20628
-0.22217,-0.2066
-0.22219,-0.20667
-0.22234,-0.20747
-0.22267,-0.2093
-0.22287,-0.21043
-0.22299,-0.21112
-0.22299,-0.21114
-0.2234,-0.21347
-0.22342,-0.21356
-0.22345,-0.21376
-0.22372,-0.21545
-0.22375,-0.21561
-0.22391,-0.21675
-0.22394,-0.21693
-0.22401,-0.21745
-0.2241,-0.21813
-0.22416,-0.21858
-0.22418,-0.21879
-0.22428,-0.21959
-0.22441,-0.22063
-0.22447,-0.22115
-0.22449,-0.22132
-0.22461,-0.22251
-0.22475,-0.22391
-0.22475,-0.22393
-0.22477,-0.22415
-0.22485,-0.22501
-0.22505,-0.22721
-0.22511,-0.22788
-0.22515,-0.22851
-0.22523,-0.22955
-0.22526,-0.22994
-0.22526,-0.22995
-0.22526,-0.23
-0.22526,-0.23
-0.22528,-0.2302
-0.22538,-0.23187
-0.22543,-0.23266
-0.22557,-0.23522
-0.2256,-0.23561
-0.22561,-0.23581
-0.22563,-0.23623
-0.22565,-0.23682
-0.22566,-0.23685
-0.22566,-0.23686
-0.22573,-0.23862
-0.22585,-0.24173
-0.22586,-0.24196
-0.22591,-0.24347
-0.22592,-0.24406
-0.22593,-0.24432
-0.22594,-0.24447
-0.22594,-0.24458
-0.22594,-0.24463
-0.22594,-0.24483
-0.22595,-0.24545
-0.22598,-0.24725
-0.22598,-0.24736
-0.22603,-0.25258
-0.22603,-0.25261
-0.22604,-0.25415
-0.22604,-0.25513
-0.22605,-0.25554
-0.22605,-0.25646
-0.22603,-0.25909
-0.22603,-0.25913
-0.22603,-0.25946
-0.22603,-0.25957
-0.22601,-0.26122
-0.22595,-0.2645
-0.22595,-0.26451
-0.22594,-0.26504
-0.22592,-0.26607
-0.22591,-0.26628
-0.22586,-0.26762
-0.22583,-0.26827
-0.22583,-0.26831
-0.22581,-0.26874
-0.22574,-0.27005
-0.2257,-0.27083
-0.22569,-0.27099
-0.22556,-0.27285
-0.22553,-0.27333
-0.22551,-0.27362
-0.22548,-0.27407
-0.2252,-0.27776
-0.22515,-0.27847
-0.22514,-0.2785
-0.22492,-0.28117
-0.22483,-0.28219
-0.22448,-0.28589
-0.22448,-0.2859
-0.22447,-0.28606
-0.22445,-0.2862
-0.22441,-0.28658
-0.22424,-0.28826
-0.22417,-0.28887
-0.22392,-0.29103
-0.22382,-0.29182
-0.22379,-0.2921
-0.22339,-0.29541
-0.22312,-0.29751
-0.22284,-0.29975
-0.22262,-0.30151
-0.22261,-0.30164
-0.22238,-0.30336
-0.22215,-0.30514
-0.222,-0.30627
-0.22189,-0.30708
-0.22181,-0.30761
-0.22152,-0.3097
-0.22143,-0.31032
-0.22136,-0.31075
-0.22098,-0.31322
-0.22094,-0.31346
-0.2208,-0.31439
-0.22067,-0.31519
-0.22027,-0.31761
-0.22025,-0.31775
-0.22007,-0.31878
-0.21952,-0.32185
-0.21878,-0.32597
-0.21847,-0.32763
-0.2183,-0.32858
-0.21813,-0.3295
-0.21812,-0.32956
-0.21804,-0.32995
-0.21804,-0.33
-0.21781,-0.33118
-0.21781,-0.3312
-0.21738,-0.33341
-0.21719,-0.33436
-0.21681,-0.33626
-0.21644,-0.33812
-0.21617,-0.3394
-0.21605,-0.34001
-0.21598,-0.34037
-0.21594,-0.34053
-0.21544,-0.34287
-0.21532,-0.34343
-0.21527,-0.34363
-0.21525,-0.34373
-0.21505,-0.34459
-0.21453,-0.34675
-0.21446,-0.34705
-0.21434,-0.34754
-0.21399,-0.34897
-0.21396,-0.3491
-0.21358,-0.35056
-0.21351,-0.35084
-0.21343,-0.35114
-0.21333,-0.35153
-0.21319,-0.35203
-0.21235,-0.35514
-0.21208,-0.35617
-0.21174,-0.3574
-0.21157,-0.35804
-0.21038,-0.36238
-0.21014,-0.36323
-0.20929,-0.36621
-0.20851,-0.3689
-0.2084,-0.36925
-0.2078,-0.37113
-0.20712,-0.37323
-0.20702,-0.37351
-0.20579,-0.37728
-0.20466,-0.38071
-0.20413,-0.38229
-0.20385,-0.38312
-0.20344,-0.38432
-0.20342,-0.3844
-0.2032,-0.38501
-0.20252,-0.38694
-0.20215,-0.38796
-0.20139,-0.3901
-0.20128,-0.39042
-0.20112,-0.39086
-0.20075,-0.39187
-0.2006,-0.39228
-0.20023,-0.39325
-0.19983,-0.3943
-0.19972,-0.39457
-0.19955,-0.39501
-0.19931,-0.39561
-0.19897,-0.39648
-0.19868,-0.39718
-0.19859,-0.39738
-0.19778,-0.39929
-0.19743,-0.40011
-0.19709,-0.4009
-0.1969,-0.40135
-0.19674,-0.40172
-0.19664,-0.40195
-0.19628,-0.40278
-0.19585,-0.40376
-0.19512,-0.40543
-0.19487,-0.406
-0.19474,-0.4063
-0.19433,-0.40723
-0.19379,-0.40844
-0.19361,-0.40884
-0.19325,-0.40962
-0.1932,-0.40973
-0.19253,-0.41116
-0.1923,-0.41162
-0.19214,-0.41196
-0.19154,-0.41319
-0.19148,-0.41332
-0.19133,-0.41363
-0.19064,-0.41502
-0.18996,-0.4164
-0.18984,-0.41664
-0.18905,-0.4182
-0.1889,-0.41849
-0.18822,-0.4198
-0.1882,-0.41984
-0.18644,-0.42321
-0.18639,-0.42329
-0.18526,-0.4254
-0.18494,-0.42597
-0.18415,-0.42739
-0.18408,-0.42752
-0.18393,-0.42777
-0.1835,-0.42851
-0.1835,-0.42852
-0.18331,-0.42883
-0.1829,-0.42954
-0.18273,-0.42982
-0.18243,-0.43032
-0.18151,-0.43181
-0.18074,-0.43305
-0.17917,-0.43558
-0.17908,-0.43572
-0.17871,-0.43632
-0.17786,-0.43765
-0.17714,-0.43875
-0.17682,-0.43925
-0.17621,-0.44017
-0.17544,-0.44133
-0.17519,-0.4417
-0.17481,-0.44226
-0.17413,-0.44328
-0.17395,-0.44353
-0.17393,-0.44357
-0.17367,-0.44394
-0.17325,-0.44454
-0.17243,-0.44568
-0.1711,-0.44753
-0.17093,-0.44776
-0.17082,-0.44791
-0.16928,-0.44999
-0.16869,-0.45078
-0.16843,-0.45113
-0.16782,-0.45194
-0.1675,-0.45236
-0.16737,-0.45252
-0.16671,-0.45338
-0.16624,-0.454
-0.16614,-0.45413
-0.16574,-0.45464
-0.16502,-0.45556
-0.16446,-0.45627
-0.16221,-0.45912
-0.16201,-0.45937
-0.16149,-0.46002
-0.16001,-0.46185
-0.1598,-0.4621
-0.15861,-0.46353
-0.1573,-0.46508
-0.1571,-0.46532
-0.15519,-0.46754
-0.15501,-0.46775
-0.15495,-0.46781
-0.15276,-0.47034
-0.1513,-0.47201
-0.15051,-0.47291
-0.1502,-0.47325
-0.14989,-0.4736
-0.14938,-0.47417
-0.14723,-0.47656
-0.14709,-0.47671
-0.14603,-0.47787
-0.14589,-0.47803
-0.14555,-0.47839
-0.14446,-0.47956
-0.1444,-0.47962
-0.14371,-0.48034
-0.14303,-0.48105
-0.14216,-0.48196
-0.14167,-0.48246
-0.14162,-0.48252
-0.13959,-0.48461
-0.139,-0.48522
-0.13856,-0.48566
-0.13853,-0.48569
-0.13819,-0.48603
-0.13706,-0.48716
-0.13673,-0.48748
-0.13514,-0.48905
-0.13512,-0.48908
-0.13285,-0.49125
-0.1321,-0.49196
-0.13171,-0.49233
-0.13144,-0.49259
-0.13136,-0.49266
-0.13131,-0.49271
-0.13119,-0.49282
-0.13089,-0.4931
-0.13056,-0.4934
-0.13033,-0.49361
-0.12931,-0.49453
-0.12913,-0.49469
-0.12902,-0.49479
-0.12874,-0.49504
-0.12865,-0.49512
-0.12815,-0.49557
-0.1281,-0.49561
-0.12736,-0.49627
-0.12724,-0.49638
-0.12689,-0.49668
-0.12635,-0.49714
-0.12617,-0.49729
-0.12601,-0.49742
-0.12573,-0.49765
-0.1255,-0.49785
-0.12548,-0.49786
-0.12539,-0.49794
-0.12509,-0.49818
-0.12498,-0.49827
-0.1249,-0.49833
-0.12467,-0.49852
-0.12439,-0.49874
-0.12326,-0.49964
-0.12309,-0.49978
-0.12252,-0.50022
-0.12216,-0.5005
-0.12175,-0.50073
-0.12041,-0.50145
-0.12035,-0.50148
-0.11984,-0.50175
-0.11976,-0.5018
-0.11839,-0.50252
-0.11675,-0.50337
-0.11656,-0.50347
-0.11535,-0.50409
-0.11462,-0.50446
-0.11402,-0.50476
-0.11276,-0.50539
-0.11249,-0.50553
-0.11045,-0.50652
-0.11015,-0.50667
-0.10968,-0.5069
-0.10936,-0.50705
-0.10902,-0.50721
-0.10876,-0.50734
-0.10855,-0.50743
-0.10753,-0.50788
-0.10684,-0.50818
-0.10609,-0.50851
-0.10539,-0.50881
-0.10504,-0.50896
-0.1049,-0.50901
-0.10453,-0.50917
-0.1044,-0.50923
-0.10381,-0.50947
-0.10376,-0.50949
-0.10342,-0.50963
-0.10246,-0.51002
-0.10243,-0.51003
-0.10217,-0.51013
-0.10167,-0.51033
-0.10142,-0.51043
-0.10131,-0.51047
-0.10118,-0.51052
-0.101,-0.51058
-0.10042,-0.51079
-0.099913,-0.51097
-0.099603,-0.51108
-0.099294,-0.51118
-0.099278,-0.51119
-0.09874,-0.51137
-0.098594,-0.51141
-0.097507,-0.51176
-0.097162,-0.51187
-0.097138,-0.51188
-0.097076,-0.5119
-0.096737,-0.51201
-0.096239,-0.51216
-0.094073,-0.5128
