L_r0F0,,,L_f0,,
0.4421744322532293,0.1257369893432574,0.0003067316202829,15.2275588457904050,0.1353458505499879,665.6228228775049729
0.4465193743041202,0.1209646986935562,0.0003076479571170,5.9985316947504064,3.9555149644421332,660.4741280781186106
0.4492604500295506,0.1164302430953506,0.0003055457189180,4.6361153313040377,7.9613974002491368,671.9430104530260905
0.4509231836243773,0.1140787780740024,0.0003049935183206,6.0246553812456751,9.5596502100989582,670.6981231669967656
0.4512631390616618,0.1107435807542671,0.0002999076343844,8.1640672351088099,12.7661847925757606,674.9123492428097961
0.4515256348482825,0.1080272491399779,0.0002958135225962,10.1483250528774036,12.5099080406104211,683.0302311892918397
0.4494250743452252,0.1049399543249660,0.0002860427856297,12.7294890905484799,13.9286158987728221,688.1162573766489459
0.4490684895987914,0.1057721083792241,0.0002867608366675,12.7775695857148861,11.8836890546505707,693.7216445175233730
0.4492709357718318,0.1054426886676124,0.0002865830098288,10.8761581017299704,12.3967173590389361,684.9702599099434792
0.4489914230993618,0.1058000302508074,0.0002866505673276,9.8748809440871135,9.1658330021321319,687.4104974993722408
0.4482515947838572,0.1057100034937755,0.0002849335143597,10.1390134196183617,8.6668673205647533,686.3979686552017938
0.4477713663257306,0.1053584922670822,0.0002832948009366,9.3645842032226412,8.6454170493524956,680.7270869599894922
0.4474145481442448,0.1049806469949595,0.0002818888757797,9.6489877734397922,8.5742808807071516,685.9940122925499963
0.4473216239286455,0.1054391033735508,0.0002824666857091,8.0771825132181316,8.5430415624374554,691.0469962622678395
0.4474384561332436,0.1068714632033186,0.0002851594668688,7.1644083676347829,9.8355201859130403,689.8843663149170879
0.4472019785139628,0.1084819192714069,0.0002874478333900,6.4687203148568369,9.0543100329727668,695.5655419246639894
0.4472424743247462,0.1107004059604691,0.0002914102902546,8.0521240244161767,7.5699756064382226,697.2676920167326671
0.4474325907913336,0.1106788440081706,0.0002918015424450,7.7677334705604641,5.4754278876888192,697.2059818949499004
0.4470455997729463,0.1096478652285711,0.0002892203973014,8.6695624566540790,3.8463538313396746,701.8328185951065734
0.4469668154499776,0.1077395009059182,0.0002857527438400,8.2469757923329432,3.4193966694691529,698.3173536142389821
0.4473819888709858,0.1048368157268303,0.0002816072075340,8.1066666765672029,3.9916647182847140,699.4114654051010120
0.4474585819348452,0.1012629036769544,0.0002756121427680,10.1305013827112873,3.1584953608487005,703.9135567823930160
0.4480445914016753,0.0979306215522151,0.0002710985441364,10.4967231633636615,2.2611691031348977,701.4030226055965613
0.4483418409447142,0.0936206999223113,0.0002642503253162,9.2764914194289929,4.6739509117182658,695.2106913374054784
0.4496965318039695,0.0882105022014340,0.0002577195314456,6.5529003611196686,9.5936680151768847,695.0165407410838725
0.4506575305100258,0.0848918331403191,0.0002539742175788,5.8061702541657860,14.5256708768617635,711.2467217925697014
0.4508746932330659,0.0840500480893000,0.0002529934227433,4.8904886601706199,11.8342349593387883,723.9736275509962979
0.4515659701525562,0.0838572980080113,0.0002541547531208,5.9987195019570638,10.0670629883561560,725.6821915062381549
0.4518303313958025,0.0839417828400585,0.0002549197224469,8.6949739629198231,5.7640792357285973,733.0148090861091532
0.4516938829558407,0.0839079319617741,0.0002546114255241,10.3210746665200883,1.8867312477662164,729.8565593127615330
0.4517934732825781,0.0829229723349973,0.0002531591263271,12.1445055570139964,-2.3788795719937461,724.3867053765949322
0.4517643962026629,0.0829525276162102,0.0002531768487508,14.3095539226078241,-8.0383761066790065,722.7249673663396834
0.4516459411537941,0.0821250423138007,0.0002514832443260,18.4818457580319944,-11.1580738522553773,714.4424816281861013
0.4521179950857898,0.0806728429614701,0.0002499465760114,17.6201220951593918,-9.9445211075517221,695.8972623581397556
0.4522287524076258,0.0788550315065910,0.0002470362533898,17.4459413925583142,-4.4932752152585511,671.4459978646569880
0.4530638179182794,0.0766227909854988,0.0002448881264235,11.5421809886593074,4.6657029811211581,621.3136814381774684
0.4531468243835134,0.0764923459164472,0.0002448361568393,10.5916743106217268,5.3536867700879016,593.7400032168835651
0.4533599662312779,0.0767206436719762,0.0002456943111504,12.3172496678749006,2.4982809233674410,586.3113133076403756
0.4529443469743192,0.0765975418040344,0.0002446116754318,13.1043830763870872,0.2172760984039481,583.4249010145347256
0.4527812086452402,0.0762027474664395,0.0002435903996299,14.7047716893769280,-2.1771157112024819,581.7907020220754930
0.4529985710166554,0.0762943070046137,0.0002442001541082,15.0418935841733283,-3.6323091374570002,582.3211616575313201
0.4526684314531730,0.0765076848644127,0.0002438617699141,13.9378494695101143,-4.0117587225519689,578.9390763091835197
0.4530695663138951,0.0766854050103107,0.0002450391311646,13.1270604961642583,-3.8882812789267591,588.5135303598081009
0.4527081271005501,0.0766827696359152,0.0002442744564672,12.9069399266497626,-2.0684504245931095,607.1470979018450862
0.4521410563229636,0.0762255307433281,0.0002422632930366,11.6287533513726586,0.4335007928339629,610.6272200437301763
0.4523158014963188,0.0766685684131949,0.0002433994097962,11.2322623887915185,-0.6917128716831723,619.0776979910173168
0.4522715130788587,0.0759115086911588,0.0002420011062419,10.2326508775849661,-1.7628071222076569,644.5456627434562051
0.4517402294837369,0.0755048542366939,0.0002401806811475,13.0765900240377171,-2.4468363274970768,674.4909977093933549
0.4513458655350003,0.0757697668088935,0.0002398082324477,14.0312129302091204,-8.5488687980670210,729.6585059541901046
0.4519522473889946,0.0749789613844995,0.0002397518778912,14.3880841577947720,-7.5943221495765751,746.3796746718712711
0.4519355301537707,0.0741888741431397,0.0002383136362867,13.4258571307398817,-0.9295856514826112,714.5738925845051881
0.4511191851484196,0.0757547680025889,0.0002392680915322,11.7079340632395343,-1.6715371471309657,726.2655332757652786
0.4503960555727724,0.0774162503428667,0.0002406062820300,12.4178222477667521,-6.3538335985088974,749.1255758547363257
0.4510956265500895,0.0776002788410860,0.0002424155224472,9.2055420549985278,-6.6662697145695935,740.6980658567879345
0.4511137586898444,0.0772771397287149,0.0002418781046950,7.6373852142868230,-2.9556035482549272,716.3137522244940101
0.4507436160753927,0.0773438258544294,0.0002412193304640,9.7293099208655995,-5.0352237394579493,725.8527396473073168
0.4511013207257030,0.0775864184853712,0.0002423926537821,9.1032617732137986,-3.1995438173783932,726.5541219175303240
0.4516089662576744,0.0766131602130202,0.0002417870112723,7.6603593278747368,-1.9848296694375922,721.4192456836582323
0.4520424332640757,0.0763550884220134,0.0002422542442658,6.0375596323516394,0.5439099101174575,716.3717238608038542
0.4519265433344823,0.0765966330510137,0.0002424259840691,7.3485298710837039,1.5284244424920423,737.6357249520169717
0.4525810560855510,0.0753807940407580,0.0002417182817337,8.5682881473513195,1.4106333271993376,732.6192313951153210
0.4539180307396978,0.0750916000427404,0.0002440529941229,6.7576211826152175,3.2956266974149169,720.8864189901644295
0.4544337454038054,0.0746570584296415,0.0002444089240581,9.9454633951232090,1.8045395020026229,716.9416467681123777
0.4554677959957601,0.0751798199089782,0.0002475150893010,8.7845525963505988,-1.0392257219738907,730.6498525396041259
0.4557561535452112,0.0757890165645431,0.0002491788631923,6.9763522006354313,-0.8301744338511344,715.5623925780510035
0.4560968572784366,0.0760720440863086,0.0002503855953496,5.2197772024880518,-0.8557416254537805,692.2319749557182149
0.4559074027234564,0.0758242858166481,0.0002495414361823,2.2337264858201831,2.5142334777936024,665.6524797740672739
0.4554963009345729,0.0753296225390893,0.0002478088673697,4.3834863454323925,5.7001305041514332,647.8013711058101762
0.4543619548636798,0.0761038097422507,0.0002467396578001,5.6183772153209492,4.8912586635568376,652.6608317983344705
0.4536474699708241,0.0764702133154224,0.0002458578614029,7.8152475316495176,4.5120936228070496,665.5023936602118511
0.4541259714466362,0.0767461673820653,0.0002473585553613,8.5800161578427918,3.1529401118084182,682.5082979323937025
0.4532286280820298,0.0779116499343680,0.0002474608561441,6.8131319412526912,3.3716334727666251,680.2662769653244368
0.4530803550325579,0.0786845339104186,0.0002484838310825,6.4900481079137302,0.9743596211982026,680.7231599733671601
0.4523644883329811,0.0796393986234690,0.0002486201310463,6.9730093414644081,-3.2406707391326939,708.3947706149036776
0.4521621925965330,0.0796461690053879,0.0002482105475303,7.5261625482282222,-4.1914399890636478,728.4996508661985217
0.4520470791967207,0.0783409277624775,0.0002457023408387,5.6667795461307620,-0.1190941808881954,723.6194217897871113
0.4517414824063062,0.0778418233260938,0.0002441745358597,5.7993448819614173,4.3597100826246624,722.5041101159292793
0.4513604883835127,0.0784534803992840,0.0002444205183931,5.3054770814950878,4.4237569729187420,732.0777817992658356
0.4491325607218986,0.0814200831121128,0.0002448178807814,5.8476889666959639,1.6987379160420673,748.0109117291599432
0.4465916172157142,0.0868562237338515,0.0002488118262419,7.6067029831047117,3.9052438697176366,734.5170837627977107
0.4453104735374296,0.0907083214184910,0.0002527471056538,3.6568853279529017,2.5117048303975085,743.0967124943603039
0.4450128273076759,0.0919685357399879,0.0002542929357695,3.9477465408030064,3.3297254759859700,736.7630878000269377
0.4454804777359062,0.0921135642453113,0.0002555321678391,-0.1280378338838301,1.4193520483184692,733.4968184262507975
0.4450656601361671,0.0917438280028431,0.0002540057004872,-0.7764820487786745,1.6248280421148245,722.1434968171373612
0.4432542273799349,0.0940380063134106,0.0002541293300620,1.5232014323003200,1.9685152147631917,721.3598322062088073
0.4409078541242051,0.0986414905801708,0.0002571125429274,2.6733465637353868,-1.8071823840511199,730.8271522447637381
0.4380660000247111,0.1030130437902919,0.0002586192151109,3.9719155653716847,-4.3061586345367688,731.7311363927302637
0.4362672831570758,0.1046939861597349,0.0002577002707209,3.3602104813380209,-3.3490362233384672,729.2991977691283410
0.4351486345315849,0.1039260311172038,0.0002539950302563,2.8705705134206396,-0.5524165158400141,732.5444282776579712
0.4334052460084638,0.1045119524795583,0.0002513025827862,4.6170276955578933,1.5723241693903975,738.9481366683971828
0.4322541815768756,0.1059269754182472,0.0002513026588855,5.0880740814178207,2.5795975421024764,743.6672946596835345
0.4307990595257931,0.1110568644219753,0.0002570782901238,4.6460375206916495,2.8937700427972599,741.9493744977456799
0.4285874709069187,0.1180187866901744,0.0002644205676546,6.3191501171087685,1.2805525294664561,746.4813415613641610
0.4290179101640849,0.1214189157435663,0.0002712243216424,5.0455905914670973,-0.1048941541936771,748.5504230467769275
0.4299851089646535,0.1226736274146236,0.0002754606016101,2.6030541795757047,-3.0276327073220348,738.7466744865309920
0.4314495705415901,0.1228537451550497,0.0002789121795703,2.2750947757261653,-5.1059034076495653,732.8063091538563185
0.4310171477676627,0.1249640346535621,0.0002816699409812,2.3075227105008662,-8.7269907455490650,738.7823382993005907
0.4290738640621856,0.1273213458404262,0.0002816177682787,4.1423164655102820,-6.7690648092374941,738.6995513693823341
0.4281615245762114,0.1304881732655405,0.0002851051844225,3.9904914583500468,0.1228405844245079,732.0185056309654783
0.4266376526131391,0.1340299464941675,0.0002879611172896,2.7896322668140963,1.5997483254286893,743.3823149511597421
0.4254288006996661,0.1374963760845323,0.0002914116173932,5.3393477098279307,1.5109531623811070,741.3273054326806459
0.4257694850934821,0.1398831615708330,0.0002962655121490,2.6735348053133663,-0.4627127048382970,742.5133645034392202
0.4242062672652842,0.1458620145203753,0.0003033545070456,6.0431956927498707,-3.3472866392838205,739.5513781573251890
0.4221133011570545,0.1520212686777834,0.0003095830967747,5.5441361293750075,-5.1438993454659805,740.5905429393267241
0.4202818209838863,0.1576154950291547,0.0003154202848095,8.1259533314684553,-5.7396721252850664,738.3690397171193354
0.4199368659776294,0.1581139813007462,0.0003155609713672,7.0683924421113469,-4.9643696422700279,745.9853755065490759
0.4197400122267469,0.1600727808364591,0.0003185021927770,9.6376584666035274,-1.3629432071815746,734.2251203032018338
0.4202297731216998,0.1631882724300505,0.0003248912874619,6.3143399753736000,-1.7862445446525397,739.1319250492941819
0.4188067808788762,0.1686194801700390,0.0003313171637394,9.1497635749558324,-4.9456042046708131,738.9977159225624064
0.4181292020879645,0.1716075940855581,0.0003350429598288,8.4477034362178411,-5.6821385200767311,750.2603148628277268
0.4166632393211721,0.1750301780823780,0.0003378791690029,10.0062278181640636,-4.8980858734149324,735.0182130935021405
0.4164254901111655,0.1738442929817249,0.0003352956239541,9.2683663536604453,-1.4830791296303918,729.3092597258217893
0.4163408133414190,0.1714679989909590,0.0003308532795802,7.3624721109757427,3.6958790420553278,723.2624361244852480
0.4162777756142542,0.1711563671864164,0.0003302133530112,7.9181041047442173,2.6747152595519439,730.4434919166241116
0.4158929882187872,0.1717248792577314,0.0003303262510942,6.2233909026117162,3.2615002403115789,734.1792067362158605
0.4141675150988092,0.1748697951243279,0.0003321297539904,9.5602099479806455,3.9424597689473675,734.2974819728763123
0.4138053930136368,0.1769305904881461,0.0003348559336946,8.5011272602620522,6.4554691500685797,733.2163851888424233
0.4125289225815864,0.1793170674590822,0.0003362713821391,7.8597940561482655,5.6700835037297699,729.2934820688558375
0.4111351259160988,0.1817452709510799,0.0003375459022769,9.0906558307221541,3.7077433302996554,718.4236480391704163
0.4109685209224243,0.1808005507315716,0.0003355052425220,7.8436927382751760,6.4838094817455945,719.5255744829230480
0.4104989396418596,0.1810940849185094,0.0003349897716384,9.2367529954054781,9.0513914148073074,712.2826708492656280
0.4107462998126316,0.1820109579762616,0.0003371255569718,10.0031970538183597,8.2579419513528958,720.0381124998671112
0.4111816408120375,0.1810580238176109,0.0003363647877653,8.2527706220989483,8.9889670546199998,727.6107217252110786
0.4114113449905061,0.1819155463973343,0.0003383330531204,8.4764830473942947,9.2755396177374045,724.0714337734281116
0.4108204003187076,0.1827552581481695,0.0003384808972313,9.1216331316786938,12.2228191920643141,714.6823093423216733
0.4108569381807237,0.1839023963128575,0.0003405454590628,9.9578129460593843,12.1839801177576934,719.2103342284739256
0.4106217715111385,0.1839920645110835,0.0003402170511224,9.9303631736926405,11.2428348341063291,720.7931960761917480
0.4106383143333304,0.1842889622713433,0.0003408170445038,10.3109480164709684,9.2588806679954256,722.7605701011381143
0.4102856295715894,0.1828794356826687,0.0003376066804170,9.5374088310741563,9.7700934798198507,713.1076033926556192
0.4102090838619512,0.1804113668141269,0.0003331254661387,11.3514819524652122,13.5683627361502861,704.2078395526382337
0.4107872716636520,0.1766880106312068,0.0003277880482330,8.8558069364027059,17.3660852994791952,711.2544152638449759
0.4108565087753515,0.1745176659729704,0.0003242405871184,9.2785816691853000,16.3254962276042939,713.5947076621625911
0.4109991488006727,0.1726761731809253,0.0003213621354097,9.9517187365993429,16.7885390747970042,712.0837052033658665
0.4120745218146761,0.1700757589707018,0.0003190473373293,6.3677585278192783,18.1676213782820746,710.8238554416927855
0.4120466549422478,0.1688173529604508,0.0003167738089212,7.4550516522241352,20.1466314429018531,699.6994267761592710
0.4116983102567722,0.1709250913360604,0.0003196814398471,7.9890514314660335,19.8985214655388845,705.4279536251071931
0.4119977044297592,0.1728180884186005,0.0003235967397560,8.2433914204411440,20.1917263238517890,716.8019744649585618
0.4122716629884798,0.1744171331423294,0.0003269468214759,6.5896762185104629,18.9484265775332830,718.8654097869649604
0.4113929485138528,0.1775173068730565,0.0003305356381561,7.0572948052762143,15.9676000637381037,714.8812054276513663
0.4113833577324532,0.1779553443119302,0.0003312467994358,7.8309345146041238,17.4524642707229383,711.5312013550485517
0.4111570089705358,0.1792850424720898,0.0003330999205260,7.9209772002433807,15.7312087770236086,715.4780458883947176
0.4113363789957075,0.1799642771679134,0.0003346363485520,8.7318187002483079,17.0536409709866028,714.1876991574448539
0.4109754705588800,0.1799866701933741,0.0003338304049885,8.2127708414140201,20.1280984799460825,711.8660795513895891
0.4102146625162245,0.1815484368752264,0.0003349417388661,9.3012183582091481,19.9455479301679013,709.6888751647013578
0.4095899656711490,0.1842285822871248,0.0003382722757995,9.4821293740081725,18.9819804336502571,714.0365530543278965
0.4092767191722596,0.1854467976991996,0.0003397437233632,10.5079689781863035,18.3084603779196229,708.9403464109072956
0.4088662933359472,0.1873167338238329,0.0003421492317326,10.9466954771737441,16.5324383156978989,701.5227400384145540
0.4085445292601846,0.1879040986948853,0.0003424713201408,10.8824987132383910,17.1412557267682288,700.4539408731347976
0.4085828344483374,0.1888726429967433,0.0003442058863669,11.5003933781834959,18.8624099733763799,692.9152225379604033
0.4086367700415226,0.1898450221420774,0.0003459778507235,11.8147832945445348,19.7675031906659946,689.8280859654812502
0.4091350051895030,0.1879952744625611,0.0003436737817997,9.5839606582794516,24.3336518467722946,692.2022965848995000
0.4094096195601473,0.1877141960122056,0.0003437767310583,8.7219437282253587,23.9360463373677987,695.3460571380365991
0.4094373273355646,0.1864902785143697,0.0003417052908448,8.2760153686699187,25.3647900589999189,694.1097641485265513
0.4087835887012990,0.1857925066477455,0.0003391412579167,9.8566836426199522,25.9876804985555268,688.8978934801980358
0.4088096409547516,0.1844145532304244,0.0003367009455104,10.9464010729868875,31.3969010925357281,676.5654764922578579
0.4086698615835956,0.1848427847939444,0.0003371162599866,10.5412690653188985,31.3914221773798516,673.2539140695532751
0.4090154260515710,0.1858587315241775,0.0003395391932009,8.2408920074361465,30.7095757819991206,679.8081671804920916
0.4095988475127947,0.1861685803955089,0.0003412391861517,6.5502257309944252,31.5835306215171059,680.0138724615894716
0.4092138250661607,0.1875501920825197,0.0003428258054418,5.4906829139281523,30.2817741081355827,677.4127212218276100
0.4088944762156950,0.1878760833381147,0.0003427523485097,5.7740445031588834,30.5303492032361454,682.4801786181531043
0.4083999981568918,0.1883964430914874,0.0003426304987444,6.8887629787969287,32.4403960992777911,676.3590712964610248
0.4071489646330999,0.1900565927806579,0.0003428837718799,9.4235960387691531,33.2390984209590883,674.6251367276991004
0.4067269859057777,0.1916309027267749,0.0003447146218777,8.8240442879189320,34.6686132631128032,675.6228334185260564
0.4064040742038002,0.1939724007106328,0.0003481978908746,9.6298584266872425,32.5101298651386728,675.7441798825650494
0.4058861690149064,0.1953999359749494,0.0003495690770447,7.6080382437930831,32.1644364945006558,675.3408501619494473
0.4057501655769901,0.1959542641924734,0.0003502813589476,7.9317752308829634,31.5052839955608626,673.6608462226608935
0.4061086631663848,0.1953847419000566,0.0003499834056923,7.3250334464830047,35.0542340864269306,666.1594024143167871
0.4063367740194332,0.1965617524926229,0.0003525479456991,8.0720517187290515,34.0107614279396060,669.0381768046637490
0.4062208638051575,0.1979047663783424,0.0003546868088790,9.9311033112392764,32.6703337451399705,676.8221680101613629
0.4064121052438150,0.1995802698882256,0.0003579681498483,9.7749000017397698,34.0133244823160368,670.4806543388474438
0.4059844988873151,0.2005962563074256,0.0003587857875481,8.5447461730164775,35.4586277606818285,674.4781916185586397
0.4056328643338230,0.2015976339540699,0.0003597919237801,10.2768141940420605,35.2670071459598944,668.4846554230110769
0.4069319758927163,0.1996441084261423,0.0003590421728386,10.9495949913478441,39.5496455566750029,660.2182927571869868
0.4083898281354215,0.1970568816913875,0.0003574764403662,8.9797156436370251,41.3950881500711674,664.6010534722522607
0.4091746399142439,0.1984886975115198,0.0003615767160308,7.5496026109426158,39.3221238524202477,659.7431804043608281
0.4100685886398546,0.2004884377627357,0.0003669744789814,6.3063571123541529,38.4270192100117853,661.1997140277069320
0.4109265531339404,0.2049884806200487,0.0003766470497419,6.7695595745340889,35.2025922742389952,652.8947558778618259
0.4117413366163843,0.2073876625468759,0.0003824666889009,5.7147637049259048,35.9636216877707184,651.3070424868063810
0.4117351174115249,0.2092427802051958,0.0003856710295857,6.4695849052006746,35.7535829200142032,654.5837037938324556
0.4119191784898089,0.2111395543904389,0.0003893896190683,9.3294222310929182,35.5271694719673761,657.0252198284695169
0.4126248861901310,0.2140981531113982,0.0003959980373102,9.1007245541033406,34.7142932581691497,660.2566430999121394
0.4134556603626021,0.2170805507603487,0.0004029558872010,8.2491845689863101,32.1205445418631967,662.8013067793700657
0.4138521679264580,0.2196051523617998,0.0004082646613546,9.3266161475197524,30.4146504243447922,665.6221996273470722
0.4138832683414035,0.2203852951835477,0.0004097523590957,11.3801738309456848,30.6869955246334740,679.4213096338157811
0.4152037962275171,0.2202211784333747,0.0004121875943013,10.3250266259791221,32.5335992217688528,687.6989133536745840
0.4153329334737603,0.2193649193515878,0.0004109068152168,10.1206650583340085,33.9775781331509208,688.9212414468826182
0.4156580739863636,0.2185134928159368,0.0004100922125858,10.8709901656474504,34.4472376987880651,684.9587820146294916
0.4161339971196154,0.2200272151420990,0.0004136936936438,10.7978018269175902,34.2169663649024898,681.8978690325155867
0.4169282614705808,0.2215580821483497,0.0004180437527763,10.9062317745251516,34.3762655683240652,683.2543637103115088
0.4188631161085882,0.2255576056488283,0.0004292090222878,11.2612036364208592,29.7558107201996087,686.5005600273048003
0.4214466161018758,0.2288141758765265,0.0004403119458627,7.3267124908420049,27.9635242011684397,690.1297532726908912
0.4231501148797580,0.2332731219129569,0.0004517782211521,7.0047752140017909,23.3347475448808055,695.6528941030802571
0.4248034879329748,0.2341276998650209,0.0004566918801331,4.7231055797176529,25.4564592609241664,702.6666353886324714
0.4245062647544804,0.2345504449162666,0.0004568552321946,7.3169283262374671,25.7235870673703246,697.5579453194709458
0.4224407750104378,0.2323630614305628,0.0004486897968779,8.8027623018438366,27.8075006188336538,697.0640810578113360
0.4217230728025945,0.2303672767807968,0.0004436411867416,9.7661651612634497,30.2011685736434288,699.6660392348682080
0.4211081764203155,0.2297218257294259,0.0004412050386533,9.8760898851675698,30.4733833965448859,699.0109988300458781
0.4216018208513270,0.2291692595984565,0.0004412594846067,9.9378285521966134,30.4056001726825791,702.0800463151105077
0.4208578746412351,0.2285702956158277,0.0004386792472450,11.5308482262689367,29.5773969225624640,698.8367512488370039
0.4210959626261140,0.2283282572154370,0.0004387033755895,11.2674848418579590,32.2423942912886616,699.0485292617725008
0.4214889648025080,0.2303417434661085,0.0004431266965141,11.1438757288408610,28.3386567730932981,693.7601728631896094
0.4221823741362141,0.2315139300257022,0.0004466006747988,10.6891470235872497,30.3183708318355833,699.3771943624666392
0.4221922063812445,0.2324020055989493,0.0004482346862623,11.7528678479625750,28.9148739309569116,698.7091775538200409
0.4227557970802579,0.2327173410223554,0.0004499490200325,11.8593057186893454,30.6027447390325378,694.4529814666643688
0.4229148927031720,0.2338161901939029,0.0004522190552783,11.5641909270648817,29.1372468799969191,687.5196492314894385
0.4235298591999580,0.2345397420851446,0.0004547527136123,10.9933993942649835,30.1309720982837206,687.5098294532143655
0.4236380965511177,0.2351282489107818,0.0004560208346081,11.4828192470017765,29.1916191547086683,684.1992982276979092
0.4239411108685989,0.2357357842924284,0.0004577294830091,12.0422366340458424,28.8812704674762379,679.9359086218145194
0.4248616484500334,0.2359531402928660,0.0004599971752731,9.7236369343915339,30.1372942291762875,687.2464874905672332
0.4258025641326303,0.2366532371785411,0.0004632691473476,9.7603328634942770,27.1835735751009544,686.2011454751248039
0.4273234234682422,0.2369300682514263,0.0004669635706664,9.3412998224881036,28.7592372784354602,684.0711348808741832
0.4288007241221984,0.2373224502440381,0.0004708228095598,10.1892448213905009,27.4534280559227355,680.6444608072430356
0.4295384466863496,0.2378227358146702,0.0004732568929429,9.5167628413968846,28.4130201956174773,680.4087642325653178
0.4305927785337657,0.2383109941274857,0.0004763691459690,8.0993406551727958,27.3943947672349850,680.7076252515854549
0.4309559115766192,0.2383754918211632,0.0004772756630711,7.0682782891229179,26.9458727919107339,682.1486895513725131
0.4313281681272347,0.2381311729644818,0.0004776201117617,8.9841097642784877,29.7092526045617547,682.2648221843608098
0.4307774376711437,0.2391009247134845,0.0004782022571988,10.9362665242902803,27.8914300514902926,677.6028625766017512
0.4313392087259745,0.2391318849226347,0.0004794096053672,9.6153085083136549,29.1286935563524061,684.3566964972840196
0.4318451790336332,0.2394880116409171,0.0004811531039898,10.9316169255590570,27.0564678691628444,684.8357816387781440
0.4324374632655322,0.2393266340713470,0.0004821128181033,10.5821472594368036,29.3797339491175258,685.2057944648196326
0.4337421370464847,0.2393375881423152,0.0004849012667519,10.1509275327046353,28.7871826369043085,684.3316853643398190
0.4346900180146922,0.2391042072787153,0.0004865115383202,9.7686625931141933,29.9057608404222179,684.3997611970837625
0.4352149509857828,0.2386655112272628,0.0004869112895949,10.1516674388954762,28.3008343215847944,681.9252502764154542
0.4358701254910408,0.2380544071191817,0.0004872253494684,11.7583282753494558,28.3639280580050297,680.0835240616760302
0.4369866195856900,0.2373021873454659,0.0004882112343444,13.1933629629812756,30.1913956125677529,673.6900824558251770
0.4386739949425268,0.2369566547933953,0.0004911479425554,12.7614261806653086,29.8079309187311878,677.6439642802794197
0.4400833719818408,0.2374322901296058,0.0004949694263535,10.2925639370213986,26.7437031863377186,680.7013781017005840
0.4410497361008516,0.2370747249055702,0.0004964157030901,10.5984626655808185,26.6824582208069749,686.8064645020783701
0.4424137215894430,0.2370197448302248,0.0004992350271047,13.4363390040107706,27.5849722942139728,683.7009195038801863
0.4435492085796103,0.2367457491313898,0.0005010946930241,10.3040594203700699,28.1315045493929610,682.4942330040311163
0.4441698430771227,0.2363969468178345,0.0005018337537858,12.1238783212696397,29.1635378066055040,683.1957106653403571
0.4447761505699493,0.2365540940583149,0.0005034010115811,12.9287433407621908,28.6861998832139875,680.7665842986492635
0.4456300056589466,0.2373657032116309,0.0005066384257361,13.8968607708444196,27.2094180501829008,675.2024590381925009
0.4465643613455426,0.2366679773918195,0.0005074035809673,15.0792960863195127,28.4264239962000751,683.9233644288308369
0.4465638571622024,0.2374470353978294,0.0005088959874193,17.9074149874142918,25.8917549203724384,681.5114963170400415
0.4477360087274088,0.2377696669024363,0.0005119447392761,16.3290131303400585,24.3217474239226377,678.9762875934868589
0.4483403579302927,0.2377720475509174,0.0005132521771523,14.1794481258790999,22.2736568215248454,677.4649934238598235
0.4486480625111582,0.2381956145529780,0.0005146681456583,15.5721530687022263,21.8306434069817605,675.8900241271981031
0.4488965188063457,0.2365579187477647,0.0005123393964446,17.8700002868388523,24.1264556196310664,680.9655740686473564
0.4495657249891613,0.2365968172161746,0.0005138238027895,18.1839577148311271,22.9930200059957350,676.9765304383259945
0.4505212451616419,0.2356069146217204,0.0005142256996331,18.1084698215914415,20.1589343133974275,682.3498037082890733
0.4518290505177465,0.2340534736740431,0.0005143786349211,18.0708692834830842,17.9345534753824865,684.8910040653552187
0.4525220807577716,0.2316334885353319,0.0005116780575237,18.4135196417691702,18.0869566583422383,679.8318090836264673
0.4539531336977636,0.2290917890874810,0.0005103764735325,17.9871899623905129,15.7711075511138894,671.2294795977343256
0.4559985849088133,0.2219967912632763,0.0005022472593895,18.7206396239536623,23.9030222793733600,669.0736357054478276
0.4576188321659248,0.2176890593222072,0.0004981735129142,16.8075061489286313,26.0528320846394088,669.2134518004754682
0.4578940341350601,0.2135437115616521,0.0004916201952998,17.3603530295450668,29.0131828581321400,672.4226421006569581
0.4585955049321924,0.2113585603537651,0.0004892707136972,15.6958980001709598,29.5023552792704216,676.8050835228534652
0.4595854474882464,0.2091803321691938,0.0004875876204426,14.6815100751449279,28.7878956094883129,682.0277085052267694
0.4603585337891178,0.2070478952188625,0.0004854686572962,12.3946172086152782,26.3935173113748895,674.6244597018193190
0.4607545805204295,0.2041347211520522,0.0004813095935005,14.6067313064372328,25.0379375497026295,674.2187442247831086
0.4608089902789420,0.2041237497219472,0.0004815745314780,18.0488385525995589,21.9947499288154411,670.4463480935162352
0.4612437371723587,0.2002938355303693,0.0004757493401013,19.6010933719757681,27.6088442174842932,672.7484905968433395
0.4615957599810951,0.2006976289332261,0.0004773166590609,18.2584586189661984,23.7100104423593194,677.4220913273144333
0.4616239338847471,0.2011500443640028,0.0004782606024451,17.5919863189143193,20.3176710392084452,680.9142024469643957
0.4616131822847681,0.1988954331436859,0.0004743317533509,16.6058477257803752,20.8233876782487535,683.5477436629053045
0.4619592610245652,0.1958323461996406,0.0004696938985975,16.1487238335725962,23.2721279145687028,683.0741041692458566
0.4625111501400228,0.1931789319505795,0.0004662080728323,16.2498998087956252,25.8391942540210096,680.5046486185308368
0.4621477683639107,0.1936054288761009,0.0004661878801884,13.3000970048106559,21.9131489412561216,678.5829992577490657
0.4619521675714111,0.1933992915729875,0.0004655229724364,16.5704727012463735,21.2143848077245991,687.6965468291712114
0.4615665754378458,0.1944894666392104,0.0004666991513289,17.6601978908758639,17.3259068550209854,685.8460992229905742
0.4614825963395827,0.1934885282935146,0.0004648074272728,18.9900642167623737,18.2754395145637361,687.6135372936910244
0.4610822290808733,0.1939062002039571,0.0004647311690336,19.2629055208272568,15.3964801097529271,689.8166071961433090
0.4618997679658096,0.1925292293571747,0.0004640960934022,19.4217614766668021,14.2998399261331706,692.5500202335691711
0.4624982027097971,0.1887135289427049,0.0004587292767941,14.9220957011285034,17.9417958721122304,695.5644831521219658
0.4632608276226453,0.1843550573100324,0.0004527773312177,14.0094708680359918,22.4148516081013334,693.1544574682457096
0.4641400476759474,0.1838698129490769,0.0004537763222628,14.2048390908955966,21.2535324057017370,692.7615757292451235
0.4642276550229040,0.1845681308241521,0.0004551686768879,15.4190662216037495,18.9971239388121838,687.6997644703193373
0.4641795570277108,0.1886491260707859,0.0004622962937313,17.2618863191306886,10.3091633993631397,681.6449010043447743
0.4643183498247584,0.1876146898134249,0.0004608281266705,18.6509763438893508,10.3327073846838697,690.7761244184150655
0.4644471015411319,0.1874125882469029,0.0004608489022453,20.5808909728183203,7.2060800156591922,697.4867351629210361
0.4647104644016766,0.1853087329908175,0.0004577840743851,20.6633874411361980,6.0208494790964284,700.5154550976923247
0.4648327072172083,0.1840152736566359,0.0004558669928528,20.7346366792981947,3.8237647260160252,697.4543420658710602
0.4655815363141897,0.1816340898044574,0.0004533968535651,21.1591668652006426,2.7271744652246168,683.1787525500084257
0.4654886084208011,0.1777851597163096,0.0004464868744802,20.8299521823884888,4.2963950774171469,669.6751749269977836
0.4660744395565474,0.1719746238435803,0.0004375945218053,19.5935462451949185,7.4363271546506544,655.9688816715228086
0.4665772425982260,0.1636054504305156,0.0004240062961146,15.3059631201167097,13.0399964868131732,645.2454728882231620
0.4670775824944862,0.1543406838393434,0.0004089859766630,14.6074967854825548,16.9814842492738656,637.0634668424854681
0.4675813260524554,0.1457306641915413,0.0003951427988943,13.5201386688410512,21.8874024919032273,629.8197734433878168
0.4670426678839267,0.1403979764826007,0.0003848175989630,11.7171958134954437,23.5016716883418404,635.7126682014517201
0.4667474901652892,0.1405876983761197,0.0003845438008384,13.2659762241081491,18.5805867709017285,651.9896618301017952
0.4665115271790685,0.1390665203110639,0.0003814331376510,15.9548551212505831,16.7767128597303525,671.1300863757409161
0.4671605510386261,0.1373611798915788,0.0003798741968616,15.9449720937978654,15.1352885288330832,676.8362315481363112
0.4669200700315522,0.1350255725476659,0.0003753291281557,14.4004337429736502,12.6354062176943049,691.9637390425307331
0.4667441654585057,0.1315987377148090,0.0003690335250492,15.5875394956225506,14.9660969149688388,695.0415216931952500
0.4667853264480807,0.1292624997423102,0.0003650864206563,15.2523002912698900,15.9786469137123124,692.4910898682811649
0.4664314564590828,0.1286747084602196,0.0003633127702779,14.7618015922743542,13.2898176126588261,694.1421068083693626
0.4666028314582473,0.1280116128257270,0.0003625353407147,12.4715130117391464,12.1369017926241547,705.1358278964171404
0.4669546790612425,0.1284713753263065,0.0003640724249297,10.3205313707315316,8.9771669971605927,700.4849193711165753
0.4677095445654894,0.1275216922093902,0.0003640722348909,10.1602618352742589,12.4462565319317910,692.7673409975702725
0.4679512852010191,0.1260056994435337,0.0003619962017073,8.1858944753586957,12.5793916350708646,688.8153290675761582
0.4682126659151344,0.1250482980211214,0.0003608955855337,8.8240298711536553,13.0595464599191367,682.5838000610601739
0.4682142403393119,0.1241501821204646,0.0003593369192590,8.4970004705489455,12.2624716007579817,679.1538576029197429
0.4682744340272142,0.1240431408410291,0.0003592460651703,9.2143012721654713,10.2185953213689160,679.1334287740958189
0.4684954584823572,0.1236093726624923,0.0003589739896654,7.6306404215762642,9.8597509447089884,671.8356618878780182
0.4686329091392784,0.1227491796218646,0.0003577881082815,7.0063897492139118,11.0628495920043211,670.8458321203298738
0.4685976651642804,0.1221113347263327,0.0003566192254796,5.3676215017409694,10.4508244825850589,674.0783319864835903
0.4693597756771984,0.1213174661690928,0.0003568710612256,7.3405545286515590,12.3255998790538772,672.7888575577713937
0.4689965567754872,0.1217040189413654,0.0003567467863331,8.6404616198074056,10.7805585152915810,667.7124229591969424
0.4693833489445253,0.1213551148192893,0.0003569634132455,7.2589870585257534,9.1842199979229306,666.9802555968429942
0.4690385762454746,0.1208519249290679,0.0003553526651450,7.7142717638110030,8.9723503784199590,667.7924512602843379
0.4690199547147640,0.1207930355225678,0.0003551843020189,8.7281150679248753,7.3808091008765331,676.1793179380491665
0.4684403643130324,0.1209759296129114,0.0003542270454265,11.8230365899973808,5.6891756561699118,672.5832832705203828
0.4677369337827234,0.1203773098524341,0.0003516865899779,12.7120953461881427,5.0522915030635538,673.4468718689338402
0.4675598946771761,0.1192644559579620,0.0003493805286548,12.8994678137691920,4.6232834168900716,672.5549201765554699
0.4669628412314639,0.1180347955576384,0.0003459518619810,12.7295303446220309,3.1456365113959297,671.1032839940056647
0.4662863947093633,0.1172545130974531,0.0003431243320736,17.4958591063485187,2.9440230215138392,676.0249985077273323
0.4659504987538871,0.1171347812051488,0.0003421973400817,16.8103501657483179,1.1869943967462881,677.8746539361924306
0.4657523998302847,0.1155601780996256,0.0003391100809671,16.4329446115465885,5.1266922397374959,667.0533893538876100
0.4663344832038354,0.1131684313594687,0.0003362367818556,14.4098240106489222,5.3431665069009835,655.9105832494192327
0.4667556660640907,0.1067225377673110,0.0003260403273144,14.0464870283630834,11.8490764307258676,644.4356596722308268
0.4674272925753544,0.1031696842519331,0.0003213362471094,13.5254587900648158,13.0324156521011201,629.1591702440251765
0.4669398246982225,0.1021237567800589,0.0003184737223164,12.3762008492160795,9.5868548904970172,634.8579683548258572
0.4668228629985234,0.1021231031708963,0.0003181614867657,15.6269555927502903,4.5504941201798585,645.5579470874513390
0.4659879241153596,0.1002968512347780,0.0003132220487807,18.4640836598608438,6.1355749402101756,645.5050272787343602
0.4662621341073335,0.0975045465041065,0.0003089795106387,17.7676647033932227,6.3089060570922433,651.6733883994302232
0.4659596880729351,0.0959920737821616,0.0003057110269905,17.5271534824289148,3.6988953912693177,651.9724702751702807
0.4658909075161728,0.0923966525649527,0.0002993512631332,18.8331182976916089,5.4085271557392041,640.9565094413254656
0.4658098544734018,0.0906381073347050,0.0002961522151151,18.6713865683294102,6.8929780926557678,635.5182774279916202
0.4659569681551055,0.0885626960444126,0.0002928960934060,19.1360639053327262,8.5158645605535455,635.8327603515485862
0.4651036014575524,0.0913108518108207,0.0002958032292513,20.1424570665149467,2.2085960637622049,653.4548077583007171
0.4646184861692612,0.0948273479635163,0.0003008534057376,22.0248669934242294,-2.0615528274847299,645.6088587060355621
0.4640895087489300,0.0940573398378788,0.0002984383887327,22.6822730954725031,0.2422029125410336,623.6735237911479999
0.4637008885523746,0.0945169476883681,0.0002984371348922,24.2471251076947389,-4.6437685520836798,626.7656612131680731
0.4638571205593626,0.0919559407714404,0.0002943308419256,23.3561698461224658,-4.2954363320223150,617.5723419387960575
0.4640839203467594,0.0893098101688669,0.0002902757606842,23.3640431041016825,0.4046265005530641,597.7531392690482335
0.4633378868172268,0.0892169344043404,0.0002884932972047,20.8975239369679748,0.7129134044657750,587.6277936909851860
0.4637554477178791,0.0888085326252249,0.0002886799438998,23.3446226776591672,-3.3815041981581357,596.5502981635316928
0.4635291252217925,0.0904823464778717,0.0002910271972628,23.9885622951583812,-10.7909184348210658,607.7824809386555671
0.4629656437523752,0.0904148372187540,0.0002897864494815,26.0663316176595394,-12.0287232071651022,599.7632207748910105
0.4632889089451165,0.0859196772690998,0.0002828222531951,26.1294107470664088,-9.7507646000137242,590.5662144851348785
0.4632783745315732,0.0866991336643244,0.0002841695958704,25.9002692450956431,-10.3346878947699103,576.8316996282360378
0.4620443673994731,0.0914568576231400,0.0002898985324585,29.9353550205971892,-17.2982222172129418,577.4950548402284767
0.4626160872771268,0.0921715229126200,0.0002923253039628,24.1513872271079570,-15.4242106986865437,559.3615486843151530
0.4627688107365002,0.0918559290368742,0.0002920177410663,21.5766647057686889,-17.2873048787592190,549.4554934036589202
0.4629243266313361,0.0898766362578131,0.0002890375226206,23.7819723823157432,-19.4516258081567877,549.8495992616556123
0.4618309471974411,0.0878460846242398,0.0002832690755683,26.3445065132701650,-19.9816437758638479,545.4488406569005292
0.4621159504652652,0.0892669379683683,0.0002862554991257,23.6536450170443437,-29.0100267463407064,538.8507990666100795
0.4611979998542570,0.0884216009007298,0.0002829801324458,25.8636595597364192,-25.9661813409724580,531.5558140287246260
0.4610658990084749,0.0888757236839055,0.0002834847239759,22.2791621113645100,-20.5382007443205339,520.9240791451263703
0.4600901017269949,0.0903268672088400,0.0002840430606966,25.0013919192725531,-28.7043977024872063,533.5148818470315746
0.4595193213514302,0.0902426940796916,0.0002826519787629,27.7609602957343427,-31.2083782324215271,543.0833800463641410
0.4594152684622544,0.0905034291483775,0.0002829718881772,27.7709316924795147,-31.0676658773414260,537.7969694279011037
0.4586077716326319,0.0921730643332335,0.0002841954677564,25.4703972014217328,-31.7002868786005862,522.2326493867223007
0.4585069035991099,0.0930378667849580,0.0002854782819381,21.6610662298667265,-29.7893609966638273,510.2283500169101558
0.4576815789164638,0.0933603642875838,0.0002843996597151,25.6469985667365421,-33.9632794485327452,525.9263006315424036
0.4571546025852812,0.0930566804191062,0.0002827036938814,25.1716052121159386,-31.4815816471830061,529.4779821148538304
0.4567998616988305,0.0945482218645776,0.0002845820941416,26.0805627947580838,-36.1950630967113867,542.4990471743107037
0.4563909219875091,0.0952528039910469,0.0002849099060842,26.3369555063080689,-37.4639857778159850,555.2053109246153326
0.4568805473521362,0.0946123921214478,0.0002847574066406,26.0414038890035364,-32.9077883330805037,554.2130514365670706
0.4568788316155481,0.0944653179147787,0.0002845059553826,25.4205641825544824,-31.2548321598406922,559.9111654795444792
0.4562495595295774,0.0937130988295207,0.0002818258606533,24.7540764746723738,-28.6767602834231816,562.0916148292023991
0.4561519483645144,0.0931532520142763,0.0002805551842227,23.2638151916759952,-28.7279252787441237,567.5548514229930106
0.4550227919213750,0.0913248861753967,0.0002749438278149,24.8606206803012313,-24.6331694033849828,568.6733695245150102
0.4543502524621732,0.0920273332962496,0.0002747714136474,24.2668127112213057,-25.6017194554375784,570.6701116843873933
0.4543880785982702,0.0926219653698400,0.0002758927751049,26.5377526588589703,-25.0140298623598945,569.5172804059126292
0.4541033058457730,0.0926364607595985,0.0002753026781787,24.5111381975269254,-23.7041651616293301,567.0114340918883045
0.4534070763794615,0.0925486625309638,0.0002736237198758,24.5920517903368925,-21.8216648034331371,565.2385462958916378
0.4537107308694543,0.0911758867609206,0.0002717534840084,20.6344956497114538,-13.9086908762875350,563.8726019263602893
0.4532713805459326,0.0921077070855725,0.0002724936903035,23.7153747516134956,-16.0037437928080131,569.7298362717319833
0.4531894580421973,0.0929027996052520,0.0002736767802835,23.6728469552611607,-17.6733443463373483,574.5775169277769692
0.4532067862635040,0.0929213037297435,0.0002737796763282,24.9787822493950209,-18.9146360739025496,570.7862618790081797
0.4525844701892401,0.0930800330495070,0.0002727167105241,25.5257458152141901,-18.4330546366153278,572.2450302295643496
0.4518368862845213,0.0920034967021318,0.0002692274672330,23.9155838026280207,-14.4292115613363539,559.0378547616188598
0.4493522874451514,0.0956955561602655,0.0002702524446957,22.4359864531407709,-16.5313786925178476,551.2946328621643488
0.4463249438738705,0.0997629841228022,0.0002709954399241,27.6392052480967578,-14.4064971349883351,547.6605078493557812
0.4455836115527764,0.1045112097703858,0.0002777096949547,24.7313068671586862,-18.2922443681349733,555.6195218401355760
0.4454136731217875,0.1076019167835538,0.0002827299369330,24.9755066380065962,-20.3532251558752577,569.8769556271377041
0.4457996142210539,0.1064711320103808,0.0002816070935594,24.8150830488505214,-17.7024859534492904,574.0150163808445996
0.4464817187986063,0.1046953237153744,0.0002799670296354,22.4437123741707190,-17.9738331433940104,579.6907783198821562
0.4468149392994992,0.1012968044261331,0.0002747205113311,21.3066866278617866,-14.3788765480059748,591.2796490754501519
0.4469050260286722,0.1001569813488112,0.0002729211524699,19.7441001491726240,-12.3648999368024022,600.1933540585991977
0.4463148688784105,0.1001245999050008,0.0002715760254225,19.5310320416455454,-11.7836254151543329,610.9543028286442450
0.4455264646881248,0.1009945813603265,0.0002713574040320,17.4177986212929916,-11.6032722486784348,614.2286282002022517
0.4448336155002330,0.1018436882978452,0.0002713657312791,16.8947156065187372,-12.3947936394005911,621.4968717437234318
0.4447212626909466,0.1030915213473746,0.0002732350505646,13.9209057248296499,-10.3175295639933857,624.2804118279134400
0.4441589142689246,0.1041474164053300,0.0002738343082667,12.9135612976458525,-10.5132617023008041,631.7539857413337359
0.4441678793334955,0.1040570261033001,0.0002736642190165,10.5673005796079877,-9.4723193764011135,635.2845416643897352
0.4440034837661636,0.1039089610919676,0.0002730210187313,8.8246705272870667,-8.1107654583680837,645.0529504916412407
0.4439673388526855,0.1037528163049537,0.0002726113894018,5.4094116558883503,-6.8698622613692244,646.6700663642708378
0.4435327050664609,0.1038848130514583,0.0002719217600764,4.1916414255679628,-8.5369247347077746,658.7544029455719965
0.4432905787970505,0.1030073509585412,0.0002698105501184,0.5418727431026766,-5.9851643510537400,656.1263661374071035
0.4436252178795220,0.1030234741552987,0.0002705615662714,0.2518897550802775,-6.8359192688761148,676.1405967996395248
0.4429379804450780,0.1025406548168758,0.0002683285937611,4.6503647329524345,-7.8166815741424847,697.1136251542537821
0.4431517590942939,0.1024466171610557,0.0002686568251527,8.1025029111150815,-7.1179830224964666,706.4158841025282527
0.4431203084727301,0.1013923240561371,0.0002667230197352,7.3788301583469149,-5.1181053267351286,700.3750451098235317
0.4433073208137791,0.1011905143374680,0.0002667565986079,3.9435382940055006,-7.4549602721081021,698.1228300184404816
0.4425344199941680,0.1018475780891580,0.0002662090825311,2.7104739932655488,-5.8008619481259824,686.8062932628437238
0.4429088967397240,0.1010707121315925,0.0002656211022751,1.6226660876168220,-3.8507103408043930,686.1668851427649543
0.4424007608741304,0.1002866682812425,0.0002630681467926,0.7360974841671056,4.7345703300779185,688.6732595510975443
0.4428007141724623,0.1010051679477732,0.0002651712257352,-3.2850053856490522,0.8809687169901426,689.0911488375448926
0.4428613740490818,0.1009461564379612,0.0002651993765474,-1.2383226254630757,2.1955675077682448,710.0052031495280289
0.4413264030850343,0.1053093093104956,0.0002695474387184,5.1343498402612244,2.3153378593793170,729.2533695503277613
0.4416015090721659,0.1094664934908346,0.0002774212616706,7.5651462639167599,-6.1704679779533267,750.5386730803941191
0.4413525509816236,0.1092516944883348,0.0002764125998739,5.4481677723975661,2.5756952571029421,726.5528474663890393
0.4420518237211924,0.1091907627560181,0.0002778220430309,4.7677124771493657,-1.2911473350914360,739.5600469639225594
0.4418846293073721,0.1090936479939376,0.0002773064732443,8.0723331011371027,-0.5770978987184952,726.0210839023551443
0.4427870551357138,0.1095618516215059,0.0002800178805531,2.4722568573945223,-2.2235312970109091,725.9772539800263758
0.4433323644939762,0.1066665637759121,0.0002761670193114,3.4604904668099357,-0.7798351987627168,731.8214250166370221
0.4441323153840406,0.1040290421818577,0.0002732841815128,4.2613890164968442,2.4160926614707892,731.9833489038890093
0.4433822539555857,0.1031153278313850,0.0002701109125997,5.2744078530389604,2.7107977858605761,737.3558963853269006
0.4439977914275179,0.1036262002865139,0.0002722627729958,0.6185917678115056,4.2197245779346835,732.4502767206315639
0.4438005427945878,0.1037724752043417,0.0002721167154117,2.1900636572475727,3.0872765951034613,744.5838978097513063
0.4426646031454097,0.1053315591074132,0.0002723931987560,1.1745156899392493,3.3881604798991649,744.0299546053262247
0.4413620271127993,0.1055526143390235,0.0002700009853526,-0.7239396000948173,4.5373430800419605,757.3996633031346164
0.4399307586590929,0.1059265280329389,0.0002676169290037,0.1294875609099977,6.1891054500692828,767.5808177396819474
0.4379335073989302,0.1092209306987325,0.0002690771163393,1.9368970178836400,4.1528478893360816,757.0372979951482648
0.4362207628323475,0.1117265919637752,0.0002697631676736,2.7070213900661408,2.3260942403013858,747.6116237177163839
0.4350598819338865,0.1130147454875029,0.0002695229223157,1.9442371126009987,1.8378382847588706,740.9419841901160453
0.4349234475678631,0.1125762808482822,0.0002684787982332,-0.0533386195566144,1.1685000720880820,742.1372324511385159
0.4336567419021323,0.1137570322692626,0.0002678262197648,2.9461715193903646,3.4129406725428524,738.5634248767221379
0.4325081054739016,0.1164091533854875,0.0002699712711358,0.7083329079651964,2.8531399773008554,748.1845315986065543
0.4316149698566409,0.1184304571310306,0.0002715628424269,3.8339975776561119,4.7481759646059531,744.2178379655418894
0.4331695999450977,0.1198935138110122,0.0002773644866386,-4.8632260095542188,2.0412950742474494,758.9312689737722621
0.4332750385445005,0.1223630104833007,0.0002818797352681,2.9368416920702964,4.0888828376393640,744.0621853151615142
0.4343945952371637,0.1274949085217979,0.0002931194933967,-3.9053954253873306,-0.8274065717763459,756.2543773753069445
0.4343307610983845,0.1325188041445418,0.0003016929872676,-0.1143327426601938,0.1861893150933678,749.2534541440946896
0.4345102852159263,0.1360654419147667,0.0003082232743612,-1.9805991435536523,-2.5591835479314589,753.7436765111567638
0.4340124918812632,0.1376050117356562,0.0003098250477379,0.1661280808866880,-0.8438447576355826,747.8170828810266357
0.4341645437668644,0.1355417772806108,0.0003065702215081,-1.3247210719237681,-0.9897657091109654,751.4173173968313222
0.4317766356636561,0.1295964475803804,0.0002912091277922,2.7131640599836393,3.0269658984925933,742.5782395423018443
0.4299786399626607,0.1280684509978281,0.0002847372966575,5.9059140894954059,8.2311940978320663,725.2460064105997617
0.4292999322939526,0.1291933443624881,0.0002852334623807,0.9624966772052883,6.0050195748441455,736.1162529134222723
0.4279801759512634,0.1314197622601782,0.0002862849175722,4.3976673912564026,7.5079682946547948,732.7515036171665770
0.4274868003447228,0.1341490848509297,0.0002899474333878,1.8861753306631606,5.8273100013392654,739.4631494703083945
0.4264070187211308,0.1382573625912106,0.0002947576269529,5.5518077056022248,7.0489140572484894,737.2440056439576210
0.4267377362483610,0.1409647184631878,0.0003001258512269,0.7189162157298810,4.1511462497906502,745.9535271668364658
0.4260832753585839,0.1444241732015903,0.0003047162568636,2.3037608728159649,5.4817177535069366,737.8959904269966046
0.4256415920195480,0.1469132525987024,0.0003080659170017,-0.0548194469487922,4.6308157680667836,738.8824145157093426
0.4250771278798869,0.1474485413302429,0.0003077984222796,1.8518563761078040,5.5990960481796490,740.3970442605392464
0.4246915564954872,0.1477190405947101,0.0003074032048131,0.3691876583819158,8.4462049254200657,742.9854874975056873
0.4233376727345077,0.1502729205491923,0.0003089683750528,3.0108712190837008,8.6999711972518234,741.9280673593000301
0.4214665440541639,0.1553182022055154,0.0003137333914101,3.6497979516540289,7.9348871871501681,742.0459271181241547
0.4186702481143816,0.1629438323450938,0.0003210085907241,5.8335336861133245,4.1844030727321337,740.6267532208387365
0.4169547244861473,0.1682030619553792,0.0003264591844224,6.9063828891735577,3.3803279367428645,733.5039516325560953
0.4170634866608716,0.1694726111302593,0.0003288727280380,5.8059204110883815,6.4934023449732212,736.5658807150593930
0.4172342586998904,0.1731738754800657,0.0003356200417141,4.9602599742825904,7.5002879739889288,731.3992007235324309
0.4178334530893213,0.1746512983081825,0.0003394512920340,4.8983759028724254,6.5272989059039235,737.7301187762715244
0.4181257735717254,0.1752911340485811,0.0003411498747622,4.1666735528742125,8.4661077642461784,732.8324833315112983
0.4176000059696671,0.1767269660805401,0.0003424996197956,5.2851523124793687,10.8012636663291204,724.7888512964900656
0.4164587926483981,0.1780195324427159,0.0003423465720005,7.6504441730151704,9.1723106955736338,723.7363880305429120
0.4154153606264611,0.1813290112412820,0.0003458461145885,7.4511946411653875,9.4621738687934922,712.7874677385921132
0.4154846985560522,0.1825380808236680,0.0003480303806982,5.4133146239342391,12.2669709445931954,713.6250427443495710
0.4149906229808774,0.1838473190454062,0.0003492256038678,6.6876253684600568,13.9274245407075412,711.6862120672517449
0.4156086878047299,0.1839268019464931,0.0003506432745488,5.6005657011885948,14.6552936654004000,715.6028294775532004
0.4165746662613674,0.1845916829644919,0.0003538263236930,5.3884674046215215,15.6342200668067264,715.3385443095862684
0.4164527779488140,0.1849195641550164,0.0003541030943452,5.8369833067891044,17.2822097679143916,714.3682403787578323
0.4163213994398296,0.1856257341025328,0.0003550190598892,5.5796611619093524,19.5677321746713879,714.6551178146381744
0.4160126316380134,0.1878205666961487,0.0003581919041480,6.7142607945003574,19.1871834994413462,711.1590210444339846
0.4159113835736876,0.1881508218990946,0.0003585092445295,5.2104660718642988,20.7912133186928223,713.1054234165013668
0.4143449480311828,0.1905210251448247,0.0003592857288308,4.3682959211250054,20.1297227430898289,699.8542496061605789
0.4131348131172420,0.1908166428232168,0.0003572260619402,4.6726737779119132,21.5371397132197728,696.5996631536029327
0.4113277662795105,0.1892689801792277,0.0003507093956084,5.1749021964096364,22.8735581808562927,700.1526946856267841
0.4101509369488086,0.1900413942269788,0.0003495814565136,7.6007974798110665,24.3510665427396802,696.6043617143203619
0.4095886819405538,0.1905264234105605,0.0003492292159752,6.4378332835875645,25.4121034206366225,688.8322681352542531
0.4092589395055688,0.1901184042246167,0.0003478355363606,6.6560119176556549,26.8568583461777841,691.6683349319163199
0.4093495472877446,0.1900604596478673,0.0003478987727773,4.6671377753166645,27.0067457080178350,697.1423421766738784
0.4087335693104171,0.1912014719635845,0.0003486041251166,7.3691787765396910,28.7120800690585405,690.0561728778700399
0.4090340269618177,0.1935599311648574,0.0003533401295458,5.2860638823159780,26.4193461202019968,689.2760350480136822
0.4090317517702742,0.1963353745259266,0.0003581468626583,3.8078916568685757,26.3378787697292189,677.8498498816477422
0.4097972618460067,0.1977073350589237,0.0003621621899310,3.4506519735799870,26.0148941255655082,676.3038790053602725
0.4093482451618335,0.1967962021939529,0.0003596339619526,3.8483427152049821,29.7455281544763182,681.8507532512976468
0.4100028335369291,0.1969522867347766,0.0003612783576856,3.9568146214521565,30.9001712540851976,681.3548072333186383
0.4101035917811979,0.1971841990155795,0.0003619124895493,4.1384666151938490,31.7868898791453560,683.3466396982270226
0.4101459723955342,0.1970173654595032,0.0003616805580703,4.3944311088076873,33.2561878485566496,682.3411612046845676
0.4102838214899261,0.1969808518965550,0.0003619207155328,6.2005509132449603,34.7945900803567909,680.6449160187136158
0.4098770729893395,0.1970890966656578,0.0003612221270045,6.0370706321362997,34.5436977468879860,681.3533052866408752
0.4105318566640022,0.1971205715042779,0.0003626728252772,6.3548235615475415,33.3273073136132467,682.3118509051315641
0.4112319773393647,0.1966802350292913,0.0003633684033073,7.9412027998954420,34.3043923995438860,670.9282274196878006
0.4108300911244101,0.1962164981744150,0.0003616216257379,5.8476040628122350,37.2451067289794295,664.3237571313492253
0.4109574646293059,0.1965455910770967,0.0003624920357636,7.3348189178836138,36.4188497842477332,667.5407801691086433
0.4116733649639532,0.1954723379362171,0.0003621147852381,7.0124915027278014,35.6727263662544303,665.3617557857734255
0.4116120141682199,0.1938597723939703,0.0003591169813421,6.8325094582363759,38.9095910942554042,645.8448629983147384
0.4116972803802975,0.1930248669004541,0.0003577740387256,5.6187783904962449,42.7046033321886398,644.0295595125597856
0.4115585415866369,0.1942425646796349,0.0003595711542063,6.3457960718753617,41.7495606932462096,645.0951983939186221
0.4114739959180391,0.1948445736081633,0.0003604031299198,6.2454979515998810,43.3167590242070233,651.0257455786328364
0.4114387836156005,0.1976078547590229,0.0003651990674312,8.6169381755711321,43.0386008465625309,645.3400871287233258
0.4127580153812929,0.2020467608829060,0.0003756941218235,5.5826512229062608,40.1498196089951946,641.7647434150903791
0.4139821114045186,0.2059698119199233,0.0003852196485102,7.4400374768840623,40.8217683070248043,636.6897300340348238
0.4147706693973710,0.2101063475471214,0.0003940911411449,5.6572191214395140,39.7027011587128342,645.9353080792761830
0.4145692538927079,0.2135428783450691,0.0003997510463689,7.5270377820698400,40.1055426834050408,644.3715236027970832
0.4139332321609310,0.2146194500500977,0.0004002197728883,5.7757108509325201,40.0469072554355705,666.6716086149386911
0.4137706921413060,0.2146381119222068,0.0003998392763682,8.3967831959644599,39.5288672313995875,669.4593540665657656
0.4138550845253555,0.2127895721712190,0.0003966787834707,8.9672046550314999,43.1196210402422437,667.1997926788446875
0.4128159786376024,0.2133469959148228,0.0003953776610879,10.1257600355515240,42.0553529484779958,640.2479823476101046
0.4126068069763545,0.2104965338814363,0.0003900088689053,10.8146121610851615,40.9492957908674740,648.1941236938070006
0.4125807820704461,0.2069609439953278,0.0003837827011878,10.7465732544021702,44.5760172017708882,648.6278096949490646
0.4128360854731015,0.2064676357732053,0.0003833887319973,7.7849707188242183,43.7385285178315186,640.3683036285464141
0.4127240525605684,0.2060175283439288,0.0003823265951524,7.2899002519028704,46.2891439261064335,631.8366576481072343
0.4131476076536598,0.2089504854298740,0.0003883832877368,6.8480560174087621,43.2446347105241742,625.8356164892587685
0.4138477145222294,0.2105217388807814,0.0003927672222365,7.7195751969629480,42.9931300917138941,629.3226198758621877
0.4139325132952397,0.2113431816864890,0.0003943973571273,9.0268160686923000,47.6557868879875386,637.4165978911069033
0.4143680821322259,0.2178075890377575,0.0004065624251653,9.6775649582190990,42.7936812425382200,633.1363912551831845
0.4158289638703442,0.2203574732950332,0.0004140741307719,6.8913912822357339,42.7670016785539815,641.6408879461315564
0.4174681487953960,0.2218090142393994,0.0004199991924848,4.9720448261828629,40.2516272093443916,659.7948843202789249
0.4168718460737870,0.2227251582652683,0.0004202727619416,7.3999481272057288,39.1861404784547886,665.3171205215013515
0.4152994363124993,0.2194314231563743,0.0004111295232033,9.9899794430219764,44.3928243026401930,672.6273103359310426
0.4151392151813368,0.2204293671165533,0.0004125713919190,13.8179029757072929,42.0439925997868258,663.8944818695731556
0.4157309268004030,0.2199817977156182,0.0004129709407667,9.9759690545627784,44.1448703966360938,667.6520122428066770
0.4161766631920024,0.2227405837874445,0.0004188688571000,10.6943121705009272,40.0650356912919960,665.3471728471931783
0.4159841026138857,0.2233880780767256,0.0004196870644245,10.1087906926922120,39.9765598936402498,667.3768878117201666
0.4164075331854205,0.2228007537213252,0.0004195703661695,9.7846283087814445,41.4487264236689299,674.2591040397485358
0.4174294933519495,0.2211177840421945,0.0004187126371369,8.4911516715350377,41.0946741875264294,687.9960836754036109
0.4171920649323995,0.2192827059707767,0.0004150225588465,11.4375495561660738,42.8480848518424793,683.7574659022044443
0.4169122016130413,0.2177052979630307,0.0004115282041951,10.9330081995338411,44.5310376795956131,677.3554181016100983
0.4170044237285423,0.2175336865569114,0.0004113774226016,9.5237345180712065,42.7786996859516648,676.1607080324369008
0.4173349241924562,0.2165732577682709,0.0004104154414607,10.8626743548234881,43.3180865482276616,681.6799829914491511
0.4172355941634190,0.2183969973414327,0.0004134073146359,11.3722985775734831,40.5335793950151384,678.3385797604316849
0.4186611788774411,0.2218271987552576,0.0004224209620846,12.7949587200448125,37.5593965909958314,672.9901465020998330
0.4226173301826965,0.2272441318224625,0.0004402637753531,10.5837477337676642,31.8265313676498991,674.5606310604167675
0.4276180005899070,0.2329018234097964,0.0004607555309107,8.8170849781617324,28.4130540200679604,678.1393948335099822
0.4321749202535871,0.2369997488988455,0.0004775302205119,4.0976362511837126,27.2822289285859156,689.2854263376883637
0.4341424147637258,0.2396002765338574,0.0004862282949579,1.2336648401676544,24.7839775481165390,690.4895610054812778
0.4339386917337659,0.2404365870947877,0.0004871624346962,0.3373044381930455,25.6871920859294747,685.5788576462398396
0.4337622321822315,0.2387999865078318,0.0004838978459800,1.0927356335969138,27.1106551600753107,690.4692397673662754
0.4322397843153690,0.2365498120570000,0.0004768703025429,5.5405317165356189,27.0119686861375001,702.3446462741168261
0.4304456479414052,0.2335925728005922,0.0004679707861763,8.3869318715046290,30.8355945391499020,706.4707706893801742
0.4288907409948065,0.2327886818392999,0.0004633428963407,9.6518143280957904,29.6869061639414866,709.4747727080458617
0.4267782401744356,0.2322875531632142,0.0004580721284120,12.3144024127856007,28.8132427202905639,705.8930797820216867
0.4265771354102003,0.2305561862037313,0.0004546938441097,11.9302707343889143,29.5521532328581777,706.6090327280949168
0.4270965858849572,0.2298871976901105,0.0004546844535742,10.0626208020000583,28.7216665652844902,711.8457988112089652
0.4275526258209174,0.2299523547689732,0.0004557774929622,9.6975263758095274,27.2432646006783585,714.9649666586133208
0.4287054595183452,0.2297862582052443,0.0004579253736397,8.7429524134241223,27.5099685178893232,716.0395424839418865
0.4306698963213998,0.2306161133407480,0.0004634729890386,7.7805458179573410,26.3973410265057602,712.9219590209711441
0.4332324036534035,0.2310847486453967,0.0004696352240210,6.4172753812176104,25.1368219189292361,712.4089443536171302
0.4349723631062650,0.2302332992681693,0.0004717936350191,7.0118043155291572,23.0993963443379187,714.0769883821936901
0.4383835968709636,0.2271393010947400,0.0004736188773061,7.7029987082988471,23.8393368342354677,712.8191778235830043
0.4411386962212288,0.2242237211603247,0.0004743781074437,6.5771324852836575,23.9037522503068018,707.4327715609139204
0.4431690110023815,0.2234427895303586,0.0004773503427290,5.0627014519040685,22.5899055981219448,702.4698557586963261
0.4438868807678710,0.2240326929401081,0.0004799355809232,4.1872250251164642,20.5543709923498596,706.2903086678575164
0.4434573056969525,0.2246271239564278,0.0004801329419634,4.9867105232652458,19.4127109721179956,707.3522688029439678
0.4431847541352615,0.2259754332073915,0.0004819565208116,6.6829328725920893,18.3122568873660612,714.0243553042876101
0.4435521103870669,0.2262479818272407,0.0004832695649699,7.8624707103440636,17.0905293474489675,721.2383213834403932
0.4436019730448977,0.2276375169863689,0.0004858161791631,7.7691081829353221,14.3656247111037771,721.6319866629381750
0.4449613987348967,0.2278347187543713,0.0004890466475129,6.5762162646460709,12.6338252218648073,716.5590903459765286
0.4455248039204615,0.2227287795310670,0.0004813569777254,3.4046508809200131,15.4007917193334727,719.9131371953388907
0.4461175765838860,0.2163352777482544,0.0004715218195845,5.7881569740706782,19.6130656670706536,719.2952658183845642
0.4478543035666027,0.2088214936290708,0.0004621413617167,3.7328684216840582,22.5406655202481936,720.2998775832290903
0.4487335524862442,0.2045526194973045,0.0004566886422255,6.7432133369239509,21.2979304054193044,720.2241089036997437
0.4500892116377337,0.2032101881508219,0.0004573161708074,5.7494502839396944,16.8373830810407341,717.7885542920655553
0.4504684677883598,0.2027141400417502,0.0004573165089813,6.0691540680103442,15.8119644040920040,720.6366323811292887
0.4507658383291823,0.2042628207041746,0.0004606558499488,4.1046727902590288,12.1028675891659638,722.7826767775713961
0.4515701666697107,0.2044786234767869,0.0004627573983430,1.9581946880161125,10.8770723440395258,723.9836314236040380
0.4515421069812037,0.2020867615721777,0.0004585699129080,2.5052526705095697,13.8515201300072892,728.6852407089334065
0.4526389317690736,0.1999159829886996,0.0004571209227412,2.8702750855938239,18.0673250045323712,730.4725660855876868
0.4537327046900386,0.2005962771847807,0.0004605822241823,1.5261087084993950,17.5174660204601302,722.8949085293547796
0.4542777564294374,0.2035852327069321,0.0004668762188397,1.1096833549823391,16.5160565076766623,728.8870907837770119
0.4544365495448844,0.2065288328021918,0.0004723298521997,0.3685364334760823,16.1558965760638813,741.9676773679614143
0.4542224906732311,0.2092589852059209,0.0004765898422587,-0.4318200807680361,16.6405536139367918,751.4205366700527975
0.4532038101959074,0.2138900495228357,0.0004824583452390,2.9674195883583900,15.2703629586305354,749.1437769965738198
0.4527671095763431,0.2189568929315831,0.0004903118555758,3.6894559040537875,11.2557248371076692,739.7755507631081855
0.4530590290616047,0.2225807038973825,0.0004972047901173,2.6510074030833173,7.6453041219602422,746.6211907623596744
0.4524675845251888,0.2274571265749945,0.0005044215641929,4.3559379028531255,3.8147917579822814,749.8911085333461415
0.4522562734510667,0.2318971244804335,0.0005116882923142,5.0468865164355075,0.3944825179308163,748.6236905297101885
0.4516572846415423,0.2331642340646271,0.0005125921173114,5.0520782913566702,1.8440176507254145,753.5277488874933169
0.4523919815548054,0.2319827409187933,0.0005121089820711,5.6684553465090701,2.4329898489784134,751.3131195369395527
0.4531158714529787,0.2284527898923048,0.0005075368806958,7.0220884639642733,3.2630494037455664,749.3013410607302376
0.4536785643656910,0.2254098315775910,0.0005034519025647,5.2899453642311469,5.8255206299117228,744.2189694707572016
0.4542514589838714,0.2245009416633807,0.0005031171946967,8.1374004430128899,3.5179346275420884,735.0686465324527035
0.4551326952768390,0.2227114293923495,0.0005018924670587,6.7759930932668029,3.9500253755599970,732.6263814319545418
0.4557852601527422,0.2212033618256255,0.0005006670689098,6.8804014490026457,5.2282327473901908,728.8174102034124644
0.4566919351203220,0.2189369968735324,0.0004986730843999,6.4650301853931378,5.4289801441797678,732.5060247322319356
0.4566806506703991,0.2168512197550865,0.0004950398415461,6.1282602520567302,5.4194743367159930,736.0287058851965867
0.4571629865825662,0.2153945814865932,0.0004935544975176,7.2723391202772563,5.4721087138013234,729.2023957483518188
0.4574187381472836,0.2139528334677154,0.0004916342251389,7.2396190504014912,2.3402773244231345,723.2105233012508734
0.4578081989416161,0.2108164328056351,0.0004870559063104,8.3247372923615508,1.6845119372254937,723.1037153198136593
0.4578287866645360,0.2070838767937590,0.0004806576531404,7.9291015681366748,-0.3184544964673031,729.1914383114558404
0.4588200586589642,0.2015190939008487,0.0004731147846927,7.8352645410312736,1.7200190561835775,720.9371742317873668
0.4593553080984653,0.1909554777680268,0.0004559479680034,7.1141075117056864,7.0367994924801911,722.5071090367955549
0.4609431201934150,0.1738205529071815,0.0004296602215926,6.3296426316724110,19.6076907874108457,708.9623387557471688
0.4622717303614249,0.1634099103867349,0.0004144867018166,5.6509307639058814,21.1080473263982356,709.2375178809176077
0.4623729715234976,0.1605101567410758,0.0004096726851043,7.2846865223480348,20.7315568736244487,703.7559924613054818
0.4619824399970174,0.1598558249553003,0.0004077372737732,7.8129237178653064,15.7705031722677091,704.4120676643747174
0.4623535937152620,0.1589739185737629,0.0004070133141537,7.8152318715392948,13.9902006552543341,699.8959140531145522
0.4622808354127064,0.1578198594898987,0.0004048665098018,8.9252419987969720,12.5775966757499411,703.7102654532239967
0.4622662731183785,0.1565292699400316,0.0004026054322444,8.0702646550440829,11.7143647865516307,711.6990377522921563
0.4624305655016746,0.1542720102960211,0.0003990417540961,8.5328926213023770,13.7188242963247635,715.3167770508722469
0.4631309964492639,0.1536790712504382,0.0003995095116677,6.6987253938529623,11.1798238210792356,722.3103928734940382
0.4635531765159740,0.1522448223308612,0.0003979201325786,7.4984671378312751,11.5491805876576681,720.5877012386652041
0.4639925766337586,0.1512669244708482,0.0003971630974042,5.3000017134554165,9.5951242302615416,722.9379088081535656
0.4637271896262314,0.1481191431115030,0.0003911499827965,5.7377348708203124,9.9862966394800594,725.6913168798164406
0.4643512727744269,0.1460923481121886,0.0003889682921840,7.4884723974652800,10.2653519994994671,712.8987360790224557
0.4643224052385788,0.1455196257544921,0.0003878871596904,6.5312151474631257,10.6788592270072709,709.6721650470499299
0.4642988983109647,0.1505554254684852,0.0003966362200749,6.8017856320232504,2.8446124601788441,722.3705163270608409
0.4639921382149983,0.1520919554425114,0.0003986798832802,9.8187108519387447,-1.2342335144299841,742.9549182567745902
0.4646482253425199,0.1512867577612332,0.0003986872463389,11.1379836176495228,-3.2777054933058611,748.8095913387963947
0.4648768350753392,0.1460671489655110,0.0003901258085188,11.4819098470120107,-0.7348837784735417,734.2011982113264139
0.4654909972444328,0.1412199330748269,0.0003830509701989,11.9370717789268497,0.8830252260371424,726.2948444113882260
0.4658965335568780,0.1391072663235523,0.0003802991253242,14.1799595112747063,-0.4453152192801288,725.8689758695253431
0.4665547984295484,0.1322931091091477,0.0003698617001298,14.0268780083750464,7.2517727455702916,719.7838551163541752
0.4671641420620088,0.1256928282160361,0.0003596859912205,10.2495498983427922,11.4385811542851137,715.5892846236231435
0.4671567379507520,0.1217758629407259,0.0003528984844047,9.3786865037688507,10.8461564003296793,716.4560414727581019
0.4673254912042486,0.1186125729200648,0.0003477948493615,11.1121696339544673,10.7467100568343206,709.8575989350504187
0.4675721851460080,0.1164646588710449,0.0003445659929261,8.2675272501529538,12.4212812015791716,706.9431963788836129
0.4678903433795499,0.1138543317882408,0.0003406722131553,3.6462875511329553,15.3089035317755293,698.1944819402218627
0.4679057792603562,0.1119622723190437,0.0003374370917121,3.9984228174864702,16.1713971646925145,694.9756719758547661
0.4681658939008448,0.1122090527853915,0.0003384207805526,5.0664436489665707,15.5595310429080342,694.6317962516363878
0.4675728517043823,0.1116979610370119,0.0003362980680129,6.7781434011511346,14.3287710850514109,715.5176964534127819
0.4670145869062704,0.1122234254118522,0.0003360779713765,10.3589158763298244,11.2383401560313132,727.3833669522673517
0.4666268838217026,0.1134415218402024,0.0003374019056311,12.5732273664070853,7.8629686376702042,732.1726299938399052
0.4667021805098923,0.1154011165932309,0.0003410190352333,13.1462811507386892,2.7556132464081986,731.7534339182700478
0.4671462363316912,0.1188290491906312,0.0003480447827903,15.0778567734752187,-5.4631186912416796,728.7306784302386404
0.4671095334272816,0.1219164492049788,0.0003532472804641,11.1833453320389200,-9.4192867921785837,739.2686232711582761
0.4671695780272917,0.1201505211136742,0.0003502274202196,11.1229513458212672,-4.3653623544731843,746.7794712216577864
0.4664581489663535,0.1192045221894531,0.0003470171674596,11.3029879682306511,-0.7392124184332358,743.4995914556799335
0.4664860570331574,0.1155153486968921,0.0003406702645666,9.9102927719410516,3.7944845213189518,727.1389958603937202
0.4671617097312440,0.1137420928250338,0.0003390386536926,6.8432045026745918,6.0044571295387996,726.4059011123954406
0.4679966157120842,0.1121736163850514,0.0003380986535156,6.7881804188845782,7.3352594332044365,725.5694532460968276
0.4687512500234367,0.1120904157575815,0.0003395699484931,6.5054259610450940,3.9680453814934613,721.6110672958647001
0.4690759648392606,0.1119778524073181,0.0003401063328165,8.9400127919436780,2.1185002660253840,716.2510131967992493
0.4694992344531710,0.1116027020638514,0.0003403618129613,6.8514609917563964,1.0449687431385106,730.8310621730011007
0.4692899510191978,0.1130512467948609,0.0003424824209848,8.9942387260588799,-1.1356520934194203,740.2994880544371199
0.4692453970378814,0.1111978214901208,0.0003391546756929,7.9638507197191029,0.5485720627398560,740.2885807089110131
0.4693454962498518,0.1097384390106185,0.0003368690588385,9.0989719428934137,-0.5961579658392937,734.2034256449445593
0.4686798010808629,0.1081306050173586,0.0003327964977570,15.1271890804568319,-2.3210914024705587,739.9820278003459180
0.4688356203093696,0.1069825816514902,0.0003311097883947,14.8049566968135853,-0.8433844220421951,730.0445840342100610
0.4691562498636013,0.1063416713285238,0.0003305472356985,7.5255652862767253,1.5982358190116739,716.2186961390008264
0.4691506372140998,0.1046723546513832,0.0003275774450408,3.6651551326057255,3.7128033152790487,705.5282283152977243
0.4683858832962452,0.1023575824553919,0.0003219383495513,5.4611943347420606,6.2433542703902534,703.3021816422358370
0.4679330425344347,0.1025612816419596,0.0003213521450155,7.6201974863261093,5.2968465651692362,710.4702280348125214
0.4672559024921598,0.1048180038372979,0.0003238391699304,8.4448844608125810,-1.2396162545164195,730.2724466129944858
0.4668630827691581,0.1035969943119590,0.0003208840778358,11.1799205767766523,2.8254531198680635,730.0787897204356796
0.4674247680048320,0.1015477381998406,0.0003185267130199,9.0491123039618024,3.5377177641722608,741.7502397727362222
0.4673127812252860,0.1009915630137246,0.0003173434445118,8.8718544423441195,1.2576594036899740,748.5904751980317542
0.4672572369036461,0.1006910234364158,0.0003167190834388,7.5147627882215247,-0.6118333870993765,741.9306955263381269
0.4670843089207897,0.0992334358119827,0.0003138251286678,6.4312718858905962,-1.0158025081762476,746.5279119082051693
0.4665481529485734,0.1009420221365079,0.0003156434565697,7.0689551269554167,-2.8819384226184028,745.7500800216974994
0.4659503731546759,0.1006119674494200,0.0003137843418816,9.0687680921071987,-0.1951520241179484,740.2047507631413055
0.4662108707599226,0.0987878293204073,0.0003111626461597,5.9844904354487305,2.2763524030280013,742.8933076911334865
0.4659590451454633,0.0993939234983812,0.0003116666395006,7.2014480498720479,3.7370969879448910,725.4980903591666674
0.4663253136786759,0.0983616839150825,0.0003106669816993,3.0938917089134215,3.1980339332888135,736.0393504899428763
0.4664630607432284,0.0963042242261165,0.0003073997726976,2.4780715100892632,6.7919462051615769,734.5099890063546582
0.4661603481626969,0.0947613866008354,0.0003040822464647,2.8874175398953099,5.6285851633827431,731.8343245358171316
0.4654776259270164,0.0936563401278770,0.0003007078412549,5.6764489691746851,7.9582906511339164,720.4828816235985869
0.4660184339401311,0.0927231102306192,0.0003002396847960,6.2697405258723782,7.6821881426277860,709.7307712343168760
0.4657129662160304,0.0913056090296041,0.0002971530767904,5.1982666110475186,5.1566460806887919,711.1057997828411317
0.4657805378494291,0.0915743968654129,0.0002978346529503,7.6555585574092149,0.9893069081533348,732.4665310136734888
0.4655297658475260,0.0908224265960744,0.0002959546327592,7.5065624391977730,4.8707595628849747,728.0365995819267937
0.4659542010506352,0.0913570619138205,0.0002977348556016,1.6760435850476769,3.5414681413998634,720.7531427215485564
0.4647867773063525,0.0939380943120837,0.0002997367301638,5.4712988385645511,5.0812532615607564,714.2594637359209173
0.4643775089927194,0.0983109973920906,0.0003064715331999,2.3787817986649205,-1.8883393808530633,726.7669016742194117
0.4622197469849121,0.1016571240165594,0.0003076711978815,4.2791085384412897,-5.5244580212708447,738.2085561297196818
0.4616026127012873,0.1046927534786525,0.0003115581147493,4.4949721794672808,-9.9156988993984445,741.5691484993170661
0.4620327530918014,0.1027757549434879,0.0003091690024153,5.2705566092077571,-7.2815946961827214,738.2940671676901729
0.4619797688437431,0.0965493427275362,0.0002982939887527,3.7490093722159310,-0.4181644695293056,738.7275353140578318
0.4621785337395884,0.0927116424267467,0.0002920652932263,2.9825324265077540,8.6518332882119253,724.4766240775295500
0.4615305266866401,0.0904066769416266,0.0002866847508991,1.9242135575723796,11.0328035817952124,722.6222212072269713
0.4618437606177216,0.0875327643968643,0.0002823599300868,2.4534538743054712,12.4179741215132413,723.6157878817172104
0.4611435900151923,0.0867541139303149,0.0002795081673021,1.2656514328073827,14.4796441203336279,722.6616746566206757
0.4602086986814017,0.0885159286624269,0.0002805752744408,2.2495194330798052,11.5812448093365141,726.3238295090643533
0.4597852682044406,0.0902962947037091,0.0002827352294351,1.7067887683327860,13.5966112699195278,714.6039951708072522
0.4593155285975551,0.0937776747954579,0.0002877769759813,-0.2590302472824750,9.6713671245042168,721.6400204391366060
0.4583168059510926,0.0970923554643712,0.0002913816680899,-0.5511260523388750,8.1637477271555579,724.8411822834217446
0.4569836847944493,0.1008591349216455,0.0002950602741750,-1.7164814686662793,6.5782657169647241,720.5299857435766171
0.4544911394120686,0.1067085064362183,0.0002998913117441,0.4728339706048619,6.9068664059420941,715.5261244151304254
0.4536338786171276,0.1106447442571945,0.0003048762712163,-0.0878346570585931,5.3937425927788167,713.8872918413806019
0.4534359096207036,0.1109674494283600,0.0003049805190460,-1.9764788747935234,7.2751053103889030,715.0538914662595289
0.4520489551974149,0.1122962966573769,0.0003043299510154,-1.8170594418695520,8.8823025783341709,719.5077438166043748
0.4495288883293685,0.1178016753398558,0.0003085048957208,-0.4346722526218699,10.1880437582618910,722.1993529207469464
0.4438059875688985,0.1292669932636801,0.0003161938837460,2.3340753183369660,8.3194591534390998,714.9135256920446864
0.4386714458038620,0.1429605565723586,0.0003289861880933,5.3683506195602337,2.9321474011252460,723.9432643942524237
0.4346634827124548,0.1544633620663305,0.0003403637670428,6.5940376866540049,0.2548846030746346,727.6934395225415528
0.4325597775805809,0.1605524356994808,0.0003464218188642,6.5456667414670875,0.7466742501117668,732.1194799564387949
0.4323170665570732,0.1633221190248697,0.0003506727311858,5.8101384248135268,5.7398960309783860,730.5565975905174128
0.4311185363251628,0.1668846421118627,0.0003542606927445,5.0004823359729889,8.7886203414734823,726.6542272690051050
0.4302021957098740,0.1711884042286750,0.0003597259048406,3.6784129241039620,11.1200832884723226,723.1050917293420071
0.4303241469533944,0.1761273705038978,0.0003684849037526,5.2851249261203117,14.9343805111409775,714.9637325656838129
0.4287938747508576,0.1854668583128571,0.0003814147718012,5.8756106422307788,13.0281471863181739,707.2767291355663701
0.4281748475731392,0.1989849630889626,0.0004035349584064,8.7047015316845027,7.4272113647612503,706.4833014232524420
0.4297868001386531,0.2111143966976046,0.0004279342908867,3.9321522584452935,3.7703083007510978,708.8770954935827149
0.4298550663950768,0.2178975359144362,0.0004398222599557,6.7124037637208342,3.3060723954096898,694.6683347286588059
0.4299673671139550,0.2168294802534860,0.0004381683694675,2.8244828969721865,9.8691959928037392,701.1372178720796455
0.4285298634023597,0.2136094450647715,0.0004295033495775,5.7391511829061654,19.9196038667156934,705.9279248747484417
0.4275222603112944,0.2149034430347446,0.0004296208381760,5.9364399320748777,18.8180524030956562,722.0012236504757084
0.4271429175082122,0.2150376032894657,0.0004289877648473,9.0613068254732418,23.9898263788909354,725.0954083370291983
0.4286649217054292,0.2148767889590975,0.0004318778866519,6.7758251321949992,25.2804280811149376,729.1356465602733579
0.4298497674547924,0.2176662519660476,0.0004391266121984,5.4948444780724177,25.8938486750302772,719.7099831770601668
0.4302755587515274,0.2208314246521181,0.0004455250563147,5.7253423752029660,23.5193738004606310,699.9097934868199218
0.4319846551308203,0.2218285209712403,0.0004507767036634,4.5314758181860890,27.9146572512346012,689.1373153564704808
0.4336114492603354,0.2230669884608634,0.0004563281119254,1.7599359136579937,28.2570860990143942,685.8757487190250686
0.4338056494924729,0.2233524972726941,0.0004572366562203,1.0217907612429977,29.3119117555895450,682.7817747378545619
0.4319042360463156,0.2241236804225180,0.0004546104847165,3.6667272702016214,29.8368689687025643,677.4737014774146928
0.4296435476370195,0.2252406868727375,0.0004518116702987,6.3922096838701128,29.3227250844113811,663.6184124661554051
0.4296821663788005,0.2244293047633199,0.0004504168683356,4.4249620991445724,32.5871504115955446,656.6403880268061357
0.4287735706491160,0.2262623300768348,0.0004517207019641,5.0284060383921130,29.5585282728502641,645.0013920146343480
0.4275494733500742,0.2260260333591712,0.0004487398105049,6.1005158869092293,30.2625843328827493,643.3985515184720043
0.4262870222533909,0.2250672145813101,0.0004443918196967,7.0148592092563478,30.7798586845220505,642.2335454584714398
0.4268662971561188,0.2231768940193531,0.0004422927639393,6.5488379759191480,32.2913976596198822,637.4411875355409620
0.4259418228439344,0.2206217500329574,0.0004358303333632,4.6455285753626958,35.3388946329718365,632.2212275930235137
0.4254585130088690,0.2176769336285873,0.0004296322806186,6.9167463374149429,40.0866240208951936,641.7378708237234832
0.4249732411170375,0.2159093788846591,0.0004254731121736,7.9694879164188350,44.8045215769804273,655.1933725819581014
0.4251513041903940,0.2163539054984051,0.0004267533480456,8.9200199431248226,44.0997300542807693,660.8825147429647586
0.4252886587158253,0.2184325199516006,0.0004307817972074,8.0667032565021000,40.6761161413780883,652.8033652882095339
0.4263666987956071,0.2205175228826105,0.0004367042831121,8.9916114962313518,38.9241862262747347,643.4922618740990856
0.4290705863271541,0.2220545468236174,0.0004450446361571,4.9617419846818605,38.3598386058330476,645.4206519158691435
0.4302720823989433,0.2246228908856149,0.0004520296383861,2.6744995515426040,36.4574182470850161,658.2878232995522012
0.4312778458676393,0.2274312880161711,0.0004590673419054,4.1298524422576222,34.3817326623716255,666.7948322112546293
0.4315884847291368,0.2282592538638687,0.0004611312186188,4.7097092353188676,35.6776044651839896,669.4594886833619967
0.4316161127231851,0.2286424460114188,0.0004618810327546,6.1305138399485468,34.6137997960440202,657.9082337069406776
0.4311985499235163,0.2272205443088450,0.0004584931745870,5.1910215499356696,36.2522121127393362,667.8280530646438820
0.4309646344902909,0.2266560498293566,0.0004570502132239,5.6466842672935860,35.9499717792788758,676.9360982404616607
0.4300848070020482,0.2268957165530527,0.0004556893840815,5.8763112822526642,32.6725719935856773,695.3707826829488567
0.4296757804706229,0.2268964241708120,0.0004548677471020,6.8614112146213646,30.4394869385519939,706.1768766337507941
0.4299022471638073,0.2257936970672700,0.0004534803852935,7.4405600383147039,29.0661686338305927,706.2949508579916937
0.4311255207247506,0.2234176686017712,0.0004519671775414,5.9250701413342295,27.9549982575380298,683.3483753524283202
0.4327579766581262,0.2212286567004107,0.0004516595344105,4.6593882360894350,25.9364729322742846,653.8322311029612592
0.4319448294079587,0.2197238825312895,0.0004473532646925,6.2854444661904507,24.7796125252793082,624.3031907475376556
0.4332686500632259,0.2151137056124385,0.0004421423886870,5.5228148345879022,25.6929416653468863,622.7951328425948532
0.4343586544681965,0.2069264621521424,0.0004301895581701,3.4686668417536617,28.4331995994427800,643.0789492007229455
0.4348187629043145,0.1993204132834198,0.0004180058241685,4.7831548305986118,28.0638075471317059,654.2975574562298107
0.4354246002620414,0.1924286915403322,0.0004073411813025,5.2263579586163660,27.4959897080436626,631.3972293770218585
0.4360352847840055,0.1851921797978240,0.0003959386738146,2.7604032962061149,27.8254616185272212,618.8108170840336015
0.4362448516929948,0.1796068615008622,0.0003866321792606,2.4492269078602633,32.6363420698723701,658.3088341059948334
0.4383196942115521,0.1822495422180327,0.0003957857282299,1.2580119985192371,23.6065623674211587,687.2038494845256764
0.4406983891747636,0.1882702025988010,0.0004114671950785,0.0041990565577454,11.8508385194330490,713.3141006245070912
0.4416254199053876,0.1897631729130750,0.0004160460302455,3.2158227948256530,13.6711697202124238,726.0340128572453295
0.4411302873313411,0.1908923220991088,0.0004169848851843,6.8513087608858347,16.5246348406484529,740.5787554430312412
0.4416725649179484,0.1921937368991943,0.0004204653981174,8.1514069322859246,10.7887913279835903,751.3506354498075552
0.4448321388557888,0.1876971665979756,0.0004193793231571,6.0385213035012280,11.5424809392947765,754.6866099331875830
0.4467259579308793,0.1813987983343681,0.0004125283637642,4.2375219500506791,8.2683889953563696,755.0681915048627388
0.4464949325532223,0.1784432553441733,0.0004069355789352,4.2983053913175091,7.6572543044663224,737.0345455771615661
0.4461194184554036,0.1759630144115603,0.0004018872422306,6.7262062849389395,5.1734846777577532,729.5137271250569029
0.4460599206640715,0.1685662125770220,0.0003889454251822,7.2047346195548245,8.1871529839580717,720.4026184159861259
0.4470214244502458,0.1566517781335919,0.0003703592962759,7.3081473705752096,10.4474928834526715,711.2168322088410832
0.4476362309121550,0.1550563649529809,0.0003688921239782,7.6690064541913561,12.2843103131391036,699.7477114515467065
0.4490095409323301,0.1521684143840222,0.0003667885269671,4.4556471148519678,12.5457896039301104,714.1673652733377367
0.4514887072856330,0.1438019618926895,0.0003575278241809,2.9515331420162036,16.3007523218464598,715.4798057382115530
0.4523479448401055,0.1362200318944949,0.0003462419496358,2.5919454195565472,16.3732630767569347,712.6965369721741581
0.4522951923110639,0.1329044085530506,0.0003403835838575,2.6762089367462027,16.5112204590161546,709.7007079630715225
0.4518287430396862,0.1323882771093920,0.0003384788938588,4.0584137317515285,17.8812742164202376,706.2041062766040795
0.4505029267818522,0.1344232058963825,0.0003392500311630,4.9369370041866700,14.5035067864182849,708.4214808577689837
0.4483905374345894,0.1370279086374785,0.0003393296985221,6.4075286705250152,11.4836762394745051,710.1555422945344844
0.4458930272316959,0.1386474703124948,0.0003368449729621,6.4996238292518411,10.2855631471150932,703.0916463901464795
0.4446532841890302,0.1375389931971747,0.0003322871111344,7.7469085243825404,12.2907366750631493,696.1450261763995968
0.4449488265696734,0.1362753093542816,0.0003306957578912,5.7398034104421578,13.7597417584435586,700.3163329391492198
0.4449154201447205,0.1357542050241142,0.0003297324257565,5.7513366400671568,12.6609179962376537,700.4984021286470579
0.4449612214575377,0.1346097654425427,0.0003278220735597,4.9644546167623815,13.9953692887847065,691.9190210733387403
0.4448529474126713,0.1331825568193938,0.0003251163297705,3.8822540690515392,14.2659257138293860,691.9134826074790681
0.4444995363239501,0.1320700983777395,0.0003224405152589,3.8812113115298841,14.9112038422670317,694.8170041100706840
0.4443441620600445,0.1319137646345318,0.0003218347896954,4.0990017673033110,14.9529933847306147,692.6488030307175450
0.4436757596685819,0.1319863707485116,0.0003205465177916,4.8945289899954716,15.3453378121168527,694.5561396119687743
0.4436665782619161,0.1319786957990335,0.0003205300876746,4.9856326978630285,14.3947853617960426,692.6810571735080657
0.4435389531160131,0.1328786560012072,0.0003218214165817,5.1671325946085522,13.6861457858152704,691.1555694649789530
0.4435943407044353,0.1321035268251570,0.0003205961132197,4.9764497154058454,14.1217434366267760,691.0165461440536774
0.4437953800642442,0.1321778841936664,0.0003211406947543,4.6209552000199610,14.3709281017590786,691.7979108931101564
0.4440593233224847,0.1330160131454827,0.0003231744144892,5.4422579201489976,12.6663897422541840,688.0632886468565630
0.4439457115918172,0.1318468501072807,0.0003208926245048,6.0444434838069174,14.0765224238930049,691.9163107359886453
0.4445958812332005,0.1305045982427326,0.0003199528256656,6.7487174988502847,14.2787186060961719,692.5349648639009956
0.4454422242237074,0.1292730698411038,0.0003196385590747,5.3593367738675930,11.7254820371945740,693.9308769084389041
0.4468874964073036,0.1269956166336197,0.0003187215594194,3.1950284835263916,15.5832391988708121,691.0199386456484945
0.4472558567067376,0.1250380099020403,0.0003160999888033,3.1694625274743973,18.1842239015763631,690.6646996058386776
0.4478514310083019,0.1239613462939046,0.0003154947459089,3.6620444288950971,18.8549822043211357,689.7404072855761115
0.4466734016494243,0.1239401466589632,0.0003130033569049,6.3668107730370984,18.5442739179754525,691.2447777019532396
0.4455187093355754,0.1261167093732095,0.0003143425156294,6.5969317222358637,15.7344518684647348,692.3928920934604321
0.4454805086210820,0.1263986957552629,0.0003147202840932,5.6079122185502337,16.2544552010936734,686.3785870116682872
0.4451521848823544,0.1267160179227841,0.0003145545259865,5.6324004017903908,16.8089759863358097,674.4063974542500546
0.4457497414118360,0.1258633768907250,0.0003143482420486,5.3259283200405978,17.5693143591025702,672.5653098910523795
0.4456569573717123,0.1252931656512516,0.0003131614094326,4.3629625398515968,17.5179927485800739,669.8794080867608045
0.4460350331104638,0.1242496361425861,0.0003121386666914,3.5257433273867593,17.9404768738119813,669.5573424851156688
0.4463790118617766,0.1236685499364603,0.0003118492853042,3.6062829523693929,19.1629658652281236,666.6051210876612458
0.4463280909677062,0.1227279906102534,0.0003100955409149,4.1360090448632887,20.0678700730355146,665.0284155446460090
0.4468885241662126,0.1216998112080772,0.0003094987992862,3.7403553515546215,20.3263658190630743,663.0070127652319343
0.4469403858231792,0.1211687983606271,0.0003086816186565,3.5977124892305654,20.4336422756972595,662.9614060657181653
0.4469259034822982,0.1212292749304144,0.0003087505697764,3.6841535142640982,20.0711665878909962,661.9044464318349128
0.4468563563026146,0.1209997003164654,0.0003082116662325,3.3402994834976250,20.1035081772391422,663.7616549282281539
0.4468410198342775,0.1207960038361842,0.0003078376235243,3.5605947740233823,19.8459935864367090,664.5511703961273042
